Tiempo, LAP, Signal,Distancia
00:00.5, 8e276b,-63,0
00:00.5, 8e276b,-60,0
00:00.6, 8e276b,-64,0
00:00.6, 8e276b,-63,0
00:00.6, 8e276b,-65,0
00:00.9, 8e276b,-55,0
00:00.9, 8e276b,-65,0
00:01.0, 8e276b,-64,0
00:01.0, 8e276b,-63,0
00:01.0, 8e276b,-64,0
00:01.6, 8e276b,-55,0
00:01.6, 8e276b,-55,0
00:01.6, 8e276b,-57,0
00:01.6, 8e276b,-65,0
00:02.6, 8e276b,-49,0
00:02.6, 8e276b,-63,0
00:02.6, 8e276b,-62,0
00:02.6, 8e276b,-63,0
00:03.0, 8e276b,-63,0
00:03.0, 8e276b,-63,0
00:03.4, 8e276b,-61,0
00:03.4, 8e276b,-63,0
00:03.4, 8e276b,-62,0
00:03.5, 8e276b,-67,0
00:03.7, 8e276b,-64,0
00:03.7, 8e276b,-63,0
00:03.7, 8e276b,-62,0
00:04.3, 8e276b,-76,0
00:04.9, 8e276b,-61,0
00:05.1, 8e276b,-62,0
00:05.1, 8e276b,-65,0
00:05.1, 8e276b,-64,0
00:05.7, 8e276b,-38,0
00:05.8, 8e276b,-62,0
00:06.0, 8e276b,-65,0
00:06.1, 8e276b,-64,0
00:06.1, 8e276b,-65,0
00:06.1, 8e276b,-64,0
00:06.2, 8e276b,-65,0
00:06.5, 8e276b,-63,0
00:06.7, 8e276b,-58,0
00:06.7, 8e276b,-62,0
00:06.9, 8e276b,-63,0
00:06.9, 8e276b,-64,0
00:06.9, 8e276b,-63,0
00:07.1, 8e276b,-60,0
00:07.1, 8e276b,-61,0
00:07.5, 8e276b,-59,0
00:07.5, 8e276b,-60,0
00:07.6, 8e276b,-60,0
00:07.6, 8e276b,-66,0
00:08.7, 8e276b,-71,0
00:08.7, 8e276b,-72,0
00:08.8, 8e276b,-57,0
00:08.8, 8e276b,-57,0
00:08.8, 8e276b,-58,0
00:09.0, 8e276b,-59,0
00:09.5, 827b65,-55,0
00:09.7, 827b65,-60,0
00:09.7, 827b65,-54,0
00:10.3, 827b65,-62,0
00:10.3, 827b65,-63,0
00:10.5, 827b65,-59,0
00:10.5, 827b65,-59,0
00:10.6, 827b65,-60,0
00:11.1, 827b65,-61,0
00:11.1, 827b65,-62,0
00:11.1, 827b65,-65,0
00:11.1, 827b65,-64,0
00:11.2, 827b65,-65,0
00:11.3, 827b65,-67,0
00:11.4, 827b65,-61,0
00:11.9, 827b65,-53,0
00:12.3, 827b65,-58,0
00:13.1, 827b65,-61,0
00:13.2, 827b65,-62,0
00:13.2, 827b65,-61,0
00:13.2, 827b65,-61,0
00:13.3, 827b65,-63,0
00:13.4, 827b65,-58,0
00:13.4, 827b65,-63,0
00:13.4, 827b65,-61,0
00:14.2, 827b65,-62,0
00:14.2, 827b65,-58,0
00:14.8, 827b65,-67,0
00:14.8, 827b65,-64,0
00:14.8, 827b65,-67,0
00:14.9, 827b65,-61,0
00:14.9, 827b65,-63,0
00:15.2, 827b65,-66,0
00:15.8, 827b65,-63,0
00:15.9, 827b65,-64,0
00:15.9, 827b65,-63,0
00:16.2, 827b65,-67,0
00:16.6, 827b65,-63,0
00:16.9, 827b65,-45,0
00:16.9, 827b65,-72,0
00:17.1, 827b65,-73,0
00:17.1, 827b65,-68,0
00:17.1, 827b65,-63,0
00:17.1, 827b65,-61,0
00:17.3, 827b65,-64,0
00:17.5, 827b65,-63,0
00:17.5, 827b65,-64,0
00:18.3, 827b65,-65,0
00:18.3, 827b65,-64,0
00:18.5, 827b65,-75,0
00:19.2, 827b65,-64,0
00:19.2, 827b65,-63,0
00:19.3, 827b65,-57,0
00:19.4, 827b65,-65,0
00:20.0, 349e4a,-59,0
00:20.0, 349e4a,-60,0
00:20.2, 349e4a,-66,0
00:20.2, 349e4a,-66,0
00:20.4, 349e4a,-65,0
00:20.4, 349e4a,-64,0
00:20.4, 349e4a,-65,0
00:20.4, 349e4a,-59,0
00:20.6, 349e4a,-10,0
00:20.6, 349e4a,-58,0
00:20.7, 349e4a,-56,0
00:21.6, 349e4a,-66,0
00:21.8, 349e4a,-67,0
00:21.8, 349e4a,-63,0
00:22.1, 349e4a,-69,0
00:22.3, 349e4a,-67,0
00:22.6, 349e4a,-73,0
00:22.6, 349e4a,-73,0
00:22.8, 349e4a,-73,0
00:22.9, 349e4a,-73,0
00:23.1, 349e4a,-76,0
00:23.1, 349e4a,-66,0
00:23.5, 349e4a,-57,0
00:23.5, 349e4a,-55,0
00:24.1, 349e4a,-67,0
00:24.5, 349e4a,-67,0
00:24.5, 349e4a,-66,0
00:24.5, 349e4a,-66,0
00:24.5, 349e4a,-58,0
00:24.5, 349e4a,-68,0
00:25.3, 349e4a,-64,0
00:25.4, 349e4a,-45,0
00:25.6, 349e4a,-78,0
00:26.0, 349e4a,-61,0
00:26.0, 349e4a,-60,0
00:26.0, 349e4a,-60,0
00:26.6, 349e4a,-66,0
00:26.6, 349e4a,-68,0
00:26.6, 349e4a,-62,0
00:26.6, 349e4a,-61,0
00:26.6, 349e4a,-60,0
00:27.0, 349e4a,-60,0
00:27.0, 349e4a,-54,0
00:27.2, 349e4a,-58,0
00:27.3, 349e4a,-16,0
00:27.4, 349e4a,-62,0
00:27.6, 349e4a,-62,0
00:27.6, 349e4a,-62,0
00:27.6, 349e4a,-62,0
00:27.8, 349e4a,-60,0
00:28.0, 349e4a,-65,0
00:28.0, 349e4a,-69,0
00:28.4, 349e4a,-73,0
00:29.4, 349e4a,-71,0
00:29.4, 349e4a,-66,0
00:29.5, 349e4a,-60,0
00:29.6, 349e4a,-62,0
00:29.7, 349e4a,-63,0
00:29.9, 349e4a,-60,0
00:30.1, 349e4a,-67,0
00:30.1, 349e4a,-46,0
00:30.1, 349e4a,-59,0
00:30.8, a8390e,-65,0
00:30.8, a8390e,-64,0
00:31.0, a8390e,-61,0
00:31.2, a8390e,-70,0
00:31.4, a8390e,-66,0
00:31.4, a8390e,-65,0
00:31.4, a8390e,-64,0
00:31.6, a8390e,-68,0
00:31.6, a8390e,-68,0
00:31.6, a8390e,-65,0
00:31.7, a8390e,-59,0
00:32.0, a8390e,-61,0
00:32.0, a8390e,-63,0
00:32.5, a8390e,-58,0
00:32.7, a8390e,-57,0
00:32.7, a8390e,-58,0
00:32.9, a8390e,-59,0
00:32.9, a8390e,-59,0
00:33.0, a8390e,-61,0
00:33.1, a8390e,-61,0
00:33.1, a8390e,-62,0
00:33.1, a8390e,-57,0
00:33.2, a8390e,-63,0
00:33.3, a8390e,-63,0
00:33.5, a8390e,-61,0
00:33.5, a8390e,-63,0
00:33.7, a8390e,-63,0
00:33.7, a8390e,-57,0
00:33.8, a8390e,-63,0
00:33.9, a8390e,-60,0
00:34.0, a8390e,-64,0
00:34.1, a8390e,-70,0
00:34.3, a8390e,-72,0
00:34.5, a8390e,-63,0
00:34.9, a8390e,-65,0
00:35.1, a8390e,-68,0
00:35.1, a8390e,-65,0
00:36.2, a8390e,-56,0
00:36.2, a8390e,-63,0
00:36.2, a8390e,-21,0
00:36.3, a8390e,-67,0
00:36.3, a8390e,-69,0
00:36.4, a8390e,-61,0
00:36.4, a8390e,-63,0
00:36.4, a8390e,-63,0
00:36.4, a8390e,-60,0
00:36.6, a8390e,-63,0
00:37.2, a8390e,-72,0
00:37.2, a8390e,-71,0
00:37.2, a8390e,-74,0
00:37.2, a8390e,-48,0
00:37.2, a8390e,-63,0
00:37.4, a8390e,-63,0
00:37.4, a8390e,-63,0
00:37.4, a8390e,-63,0
00:37.6, a8390e,-73,0
00:37.6, a8390e,-70,0
00:37.8, a8390e,-68,0
00:38.0, a8390e,-57,0
00:38.0, a8390e,-55,0
00:38.2, a8390e,-64,0
00:38.2, a8390e,-54,0
00:38.4, a8390e,-56,0
00:38.7, a8390e,-55,0
00:38.7, a8390e,-58,0
00:38.9, a8390e,-54,0
00:38.9, a8390e,-57,0
00:39.1, a8390e,-60,0
00:39.2, a8390e,-68,0
00:39.3, a8390e,-64,0
00:39.9, a8390e,-64,0
00:40.9, a8390e,-64,0
00:41.3, 8e276b,-63,0
00:41.3, 8e276b,-63,0
00:41.3, 8e276b,-63,0
00:41.3, 8e276b,-66,0
00:41.3, 8e276b,-68,0
00:41.6, a8390e,-65,0
00:42.7, 8e276b,-62,0
00:43.0, 8e276b,-68,0
00:43.3, 8e276b,-64,0
00:43.3, 8e276b,-51,0
00:43.3, 8e276b,-58,0
00:43.3, 8e276b,-63,0
00:43.4, 8e276b,-64,0
00:43.9, 8e276b,-64,0
00:43.9, 8e276b,-72,0
00:44.0, 8e276b,-66,0
00:44.4, 8e276b,-69,0
00:44.4, 8e276b,-71,0
00:44.4, 8e276b,-62,0
00:44.4, 8e276b,-61,0
00:45.0, 8e276b,-72,0
00:45.0, 8e276b,-74,0
00:45.0, 8e276b,-74,0
00:45.4, 8e276b,-58,0
00:45.4, 8e276b,-57,0
00:45.4, 8e276b,-60,0
00:45.4, 8e276b,-57,0
00:45.4, 8e276b,-65,0
00:45.4, 8e276b,-62,0
00:45.8, 8e276b,-58,0
00:45.8, 8e276b,-58,0
00:45.8, 8e276b,-63,0
00:46.1, 8e276b,-66,0
00:46.2, 8e276b,-53,0
00:46.2, 8e276b,-57,0
00:46.2, 8e276b,-58,0
00:46.3, 8e276b,-64,0
00:46.7, 8e276b,-75,0
00:47.1, 8e276b,-70,0
00:47.1, 8e276b,-70,0
00:47.5, 8e276b,-68,0
00:47.6, 8e276b,-64,0
00:48.0, 8e276b,-55,0
00:48.1, 8e276b,-65,0
00:48.4, 8e276b,-61,0
00:48.5, 8e276b,-66,0
00:48.5, 8e276b,-65,0
00:49.1, 8e276b,-63,0
00:49.7, 8e276b,-60,0
00:49.7, 8e276b,-61,0
00:49.9, 8e276b,-68,0
00:50.3, 8e276b,-55,0
00:50.3, 8e276b,-64,0
00:50.4, 8e276b,-70,0
00:50.6, 8e276b,-65,0
00:50.7, 8e276b,-59,0
00:50.7, 8e276b,-67,0
00:50.7, 8e276b,-67,0
00:50.7, 8e276b,-67,0
00:51.2, 8e276b,-66,0
00:51.6, 8e276b,-65,0
00:51.6, 8e276b,-65,0
00:52.3, 827b65,-62,0
00:52.3, 827b65,-63,0
00:53.3, 827b65,-56,0
00:53.3, 827b65,-65,0
00:53.3, 827b65,-66,0
00:53.3, 827b65,-65,0
00:53.6, 827b65,-62,0
00:53.9, 827b65,-58,0
00:53.9, 827b65,-61,0
00:54.1, 827b65,-46,0
00:54.1, 827b65,-65,0
00:54.1, 827b65,-63,0
00:54.5, 827b65,-65,0
00:54.5, 827b65,-69,0
00:54.5, 827b65,-65,0
00:54.5, 827b65,-69,0
00:54.5, 827b65,-62,0
00:54.5, 827b65,-62,0
00:54.6, 827b65,-63,0
00:54.7, 827b65,-65,0
00:55.1, 827b65,-60,0
00:55.4, 827b65,-64,0
00:55.9, 827b65,-64,0
00:56.0, 827b65,-66,0
00:56.0, 827b65,-66,0
00:56.0, 827b65,-65,0
00:56.0, 827b65,-61,0
00:56.2, 827b65,-57,0
00:56.2, 827b65,-66,0
00:57.4, 827b65,-46,0
00:57.6, 827b65,-65,0
00:57.6, 827b65,-60,0
00:57.6, 827b65,-59,0
00:57.6, 827b65,-60,0
00:58.2, 827b65,-67,0
00:58.2, 827b65,-45,0
00:59.0, 827b65,-65,0
00:59.0, 827b65,-63,0
00:59.0, 827b65,-64,0
00:59.2, 827b65,-37,0
00:59.7, 827b65,-63,0
00:59.7, 827b65,-62,0
00:59.7, 827b65,-65,0
00:59.7, 827b65,-63,0
01:00.3, 827b65,-63,0
01:01.0, 827b65,-73,0
01:01.1, 827b65,-61,0
01:01.1, 827b65,-83,0
01:01.3, 827b65,-66,0
01:01.3, 827b65,-65,0
01:01.3, 827b65,-62,0
01:01.3, 827b65,-58,0
01:01.3, 827b65,-58,0
01:02.2, 827b65,-63,0
01:02.8, 349e4a,-64,0
01:02.8, 349e4a,-65,0
01:02.8, 349e4a,-47,0
01:02.8, 349e4a,-64,0
01:03.0, 349e4a,-64,0
01:03.0, 349e4a,-60,0
01:03.0, 349e4a,-64,0
01:03.2, 349e4a,-64,0
01:03.2, 349e4a,-60,0
01:03.2, 349e4a,-63,0
01:03.2, 349e4a,-65,0
01:03.2, 349e4a,-68,0
01:03.4, 349e4a,-64,0
01:04.4, 349e4a,-63,0
01:04.8, 349e4a,-59,0
01:04.8, 349e4a,-63,0
01:04.8, 349e4a,-60,0
01:04.9, 349e4a,-63,0
01:05.0, 349e4a,-56,0
01:05.0, 349e4a,-62,0
01:05.1, 349e4a,-61,0
01:05.2, 349e4a,-64,0
01:05.2, 349e4a,-63,0
01:05.3, 349e4a,-62,0
01:05.4, 349e4a,-63,0
01:05.9, 349e4a,-66,0
01:05.9, 349e4a,-64,0
01:06.3, 349e4a,-64,0
01:06.4, 349e4a,-74,0
01:06.9, 349e4a,-60,0
01:06.9, 349e4a,-64,0
01:07.3, 349e4a,-63,0
01:07.5, 349e4a,-62,0
01:07.5, 349e4a,-62,0
01:07.5, 349e4a,-58,0
01:08.2, 349e4a,-65,0
01:08.2, 349e4a,-64,0
01:08.3, 349e4a,-63,0
01:08.3, 349e4a,-64,0
01:08.3, 349e4a,-64,0
01:08.4, 349e4a,-64,0
01:08.9, 349e4a,-66,0
01:09.4, 349e4a,-66,0
01:09.4, 349e4a,-68,0
01:09.9, 349e4a,-67,0
01:10.1, 349e4a,-67,0
01:10.1, 349e4a,-66,0
01:10.2, 349e4a,-65,0
01:10.3, 349e4a,-67,0
01:10.8, 349e4a,-62,0
01:11.1, 349e4a,-64,0
01:11.2, 349e4a,-61,0
01:11.2, 349e4a,-63,0
01:11.3, 349e4a,-64,0
01:11.8, 349e4a,-64,0
01:12.2, 349e4a,-66,0
01:12.2, 349e4a,-67,0
01:12.4, 349e4a,-70,0
01:12.5, 349e4a,-69,0
01:12.7, 349e4a,-64,0
01:12.7, 349e4a,-63,0
01:12.7, 349e4a,-65,0
01:13.1, 349e4a,-46,0
01:13.6, a8390e,-66,0
01:13.6, a8390e,-65,0
01:13.6, a8390e,-65,0
01:13.8, a8390e,-70,0
01:14.2, a8390e,-64,0
01:14.4, a8390e,-69,0
01:14.4, a8390e,-70,0
01:14.4, a8390e,-64,0
01:14.5, a8390e,-62,0
01:14.5, a8390e,-64,0
01:14.5, a8390e,-66,0
01:14.6, a8390e,-65,0
01:14.7, a8390e,-60,0
01:14.7, a8390e,-41,0
01:14.8, a8390e,-66,0
01:15.3, a8390e,-67,0
01:15.6, a8390e,-60,0
01:15.6, a8390e,-64,0
01:15.7, a8390e,-55,0
01:15.7, a8390e,-65,0
01:15.7, a8390e,-67,0
01:16.3, a8390e,-84,0
01:16.8, a8390e,-63,0
01:16.9, a8390e,-64,0
01:16.9, a8390e,-63,0
01:16.9, a8390e,-64,0
01:17.3, a8390e,-65,0
01:17.3, a8390e,-66,0
01:17.3, a8390e,-65,0
01:17.4, a8390e,-65,0
01:17.5, a8390e,-66,0
01:17.5, a8390e,-67,0
01:17.6, a8390e,-67,0
01:17.9, a8390e,-66,0
01:17.9, a8390e,-64,0
01:17.9, a8390e,-66,0
01:18.9, a8390e,-63,0
01:19.0, a8390e,-62,0
01:19.1, a8390e,-61,0
01:19.3, a8390e,-63,0
01:19.4, a8390e,-63,0
01:19.8, a8390e,-63,0
01:19.9, a8390e,-64,0
01:20.0, a8390e,-60,0
01:20.0, a8390e,-60,0
01:20.4, a8390e,-65,0
01:20.4, a8390e,-66,0
01:20.4, a8390e,-64,0
01:20.6, a8390e,-65,0
01:20.6, a8390e,-64,0
01:20.6, a8390e,-65,0
01:21.7, a8390e,-71,0
01:21.7, a8390e,-10,0
01:21.8, a8390e,-64,0
01:21.8, a8390e,-61,0
01:21.8, a8390e,-65,0
01:22.0, a8390e,-63,0
01:22.0, a8390e,-63,0
01:22.1, a8390e,-64,0
01:22.7, a8390e,-59,0
01:22.7, a8390e,-60,0
01:22.7, a8390e,-61,0
01:22.7, a8390e,-61,0
01:22.9, a8390e,-61,0
01:22.9, a8390e,-59,0
01:23.5, a8390e,-62,0
01:23.5, a8390e,-64,0
01:23.5, a8390e,-66,0
01:23.7, 8e276b,-68,0
01:23.7, 8e276b,-67,0
01:24.2, 8e276b,-58,0
01:24.2, 8e276b,-60,0
01:24.2, 8e276b,-58,0
01:24.2, 8e276b,-58,0
01:24.7, 8e276b,-63,0
01:24.7, 8e276b,-63,0
01:24.7, 8e276b,-63,0
01:25.5, 8e276b,-58,0
01:25.6, 8e276b,-67,0
01:25.6, 8e276b,-66,0
01:26.2, 8e276b,-64,0
01:26.2, 8e276b,-58,0
01:26.3, 8e276b,-58,0
01:26.8, 8e276b,-65,0
01:26.8, 8e276b,-66,0
01:26.8, 8e276b,-65,0
01:27.2, 8e276b,-72,0
01:27.7, 8e276b,-42,0
01:27.8, 8e276b,-58,0
01:27.8, 8e276b,-67,0
01:27.8, 8e276b,-60,0
01:27.8, 8e276b,-64,0
01:27.8, 8e276b,-67,0
01:28.2, 8e276b,-57,0
01:28.2, 8e276b,-67,0
01:28.2, 8e276b,-66,0
01:28.2, 8e276b,-66,0
01:28.7, 8e276b,-64,0
01:29.2, 8e276b,-60,0
01:29.3, 8e276b,-64,0
01:29.5, 8e276b,-63,0
01:29.9, 8e276b,-58,0
01:29.9, 8e276b,-63,0
01:30.4, 8e276b,-64,0
01:30.9, 8e276b,-71,0
01:30.9, 8e276b,-71,0
01:30.9, 8e276b,-71,0
01:31.3, 8e276b,-51,0
01:31.3, 8e276b,-63,0
01:31.3, 8e276b,-63,0
01:31.9, 8e276b,-64,0
01:31.9, 8e276b,-65,0
01:31.9, 8e276b,-60,0
01:31.9, 8e276b,-61,0
01:32.3, 8e276b,-57,0
01:32.3, 8e276b,-53,0
01:32.3, 8e276b,-60,0
01:32.3, 8e276b,-54,0
01:32.3, 8e276b,-64,0
01:32.3, 8e276b,-62,0
01:33.1, 8e276b,-61,0
01:33.1, 8e276b,-61,0
01:33.5, 8e276b,-62,0
01:33.5, 8e276b,-62,0
00:00.3, 8e276b,-51,10
00:00.3, 8e276b,-54,10
00:00.3, 8e276b,-54,10
00:00.6, 8e276b,-65,10
00:00.6, 8e276b,-66,10
00:00.7, 8e276b,-55,10
00:00.7, 8e276b,-56,10
00:01.0, 8e276b,-65,10
00:01.0, 8e276b,-66,10
00:01.2, 8e276b,-54,10
00:01.2, 8e276b,-54,10
00:01.6, 8e276b,-54,10
00:01.6, 8e276b,-54,10
00:01.6, 8e276b,-54,10
00:01.6, 8e276b,-56,10
00:01.9, 8e276b,-55,10
00:02.2, 8e276b,-55,10
00:02.2, 8e276b,-56,10
00:02.6, 8e276b,-55,10
00:02.9, 8e276b,-57,10
00:03.0, 8e276b,-83,10
00:03.0, 8e276b,-56,10
00:03.0, 8e276b,-87,10
00:03.4, 8e276b,-72,10
00:03.4, 8e276b,-53,10
00:03.4, 8e276b,-56,10
00:03.4, 8e276b,-55,10
00:03.5, 8e276b,-63,10
00:03.8, 8e276b,-55,10
00:03.8, 8e276b,-56,10
00:03.9, 8e276b,-88,10
00:04.3, 8e276b,-54,10
00:04.3, 8e276b,-67,10
00:04.7, 827b65,-70,10
00:04.7, 827b65,-58,10
00:04.7, 827b65,-57,10
00:04.7, 827b65,-58,10
00:05.1, 8e276b,-54,10
00:05.3, 827b65,-60,10
00:05.4, 827b65,-57,10
00:05.4, 827b65,-74,10
00:05.4, 827b65,-72,10
00:05.6, 827b65,-55,10
00:06.1, 827b65,-16,10
00:06.2, 827b65,-57,10
00:06.2, 827b65,-83,10
00:06.4, 827b65,-55,10
00:06.4, 827b65,-56,10
00:07.0, 827b65,-57,10
00:07.0, 827b65,-85,10
00:07.0, 827b65,-88,10
00:07.2, 827b65,-82,10
00:07.4, 827b65,-60,10
00:07.4, 827b65,-57,10
00:07.5, 827b65,-82,10
00:07.6, 827b65,-59,10
00:07.6, 827b65,-78,10
00:08.2, 827b65,-63,10
00:08.2, 827b65,-82,10
00:08.5, 827b65,-82,10
00:08.6, 827b65,-59,10
00:09.1, a6a767,-83,10
00:09.2, 827b65,-58,10
00:09.2, 827b65,-57,10
00:09.2, 827b65,-55,10
00:09.3, 827b65,-57,10
00:09.3, 827b65,-83,10
00:09.5, 827b65,-80,10
00:10.3, 827b65,-58,10
00:10.3, 827b65,-81,10
00:10.3, 827b65,-84,10
00:10.3, 827b65,-57,10
00:10.3, 827b65,-89,10
00:10.3, 827b65,-56,10
00:10.5, 827b65,-86,10
00:11.1, 827b65,-61,10
00:11.1, 827b65,-55,10
00:11.1, 827b65,-77,10
00:11.2, 827b65,-61,10
00:11.2, 827b65,-61,10
00:11.3, 827b65,-47,10
00:12.1, 827b65,-59,10
00:12.8, 827b65,-73,10
00:12.8, 827b65,-54,10
00:13.4, 827b65,-57,10
00:14.2, 827b65,-55,10
00:15.0, 827b65,-67,10
00:15.0, 827b65,-77,10
00:15.3, 349e4a,-65,10
00:15.4, 349e4a,-62,10
00:15.4, 349e4a,-54,10
00:15.5, 349e4a,-70,10
00:15.5, 349e4a,-69,10
00:15.7, 349e4a,-75,10
00:16.2, 349e4a,-58,10
00:16.5, 349e4a,-72,10
00:17.1, 349e4a,-73,10
00:17.1, 349e4a,-61,10
00:17.2, 349e4a,-55,10
00:17.3, 349e4a,-54,10
00:17.3, 349e4a,-54,10
00:17.4, 349e4a,-53,10
00:17.5, 349e4a,-47,10
00:18.0, 349e4a,-64,10
00:18.1, 349e4a,-59,10
00:18.1, 349e4a,-81,10
00:18.1, 349e4a,-57,10
00:18.6, 349e4a,-63,10
00:18.6, 349e4a,-89,10
00:18.6, 349e4a,-87,10
00:19.1, 349e4a,-54,10
00:19.3, 349e4a,-83,10
00:19.4, 349e4a,-54,10
00:19.4, 349e4a,-56,10
00:19.6, 349e4a,-54,10
00:19.6, 349e4a,-75,10
00:19.6, 349e4a,-75,10
00:19.9, 349e4a,-56,10
00:20.1, 349e4a,-73,10
00:20.3, 349e4a,-55,10
00:20.3, 349e4a,-55,10
00:20.6, 349e4a,-54,10
00:20.6, 349e4a,-55,10
00:20.6, 349e4a,-54,10
00:21.0, 349e4a,-60,10
00:21.0, 349e4a,-79,10
00:21.0, 349e4a,-57,10
00:21.6, 349e4a,-59,10
00:21.6, 349e4a,-59,10
00:21.6, 349e4a,-63,10
00:22.1, 349e4a,-66,10
00:22.1, 349e4a,-67,10
00:22.2, 349e4a,-56,10
00:22.2, 349e4a,-58,10
00:22.3, 349e4a,-57,10
00:22.3, 349e4a,-71,10
00:22.3, 349e4a,-71,10
00:22.3, 349e4a,-71,10
00:22.7, 349e4a,-75,10
00:22.7, 349e4a,-75,10
00:23.5, 349e4a,-54,10
00:23.5, 349e4a,-78,10
00:23.5, 349e4a,-79,10
00:24.5, 349e4a,-55,10
00:24.5, 349e4a,-83,10
00:24.5, 349e4a,-76,10
00:24.7, 349e4a,-57,10
00:24.7, 349e4a,-60,10
00:24.9, 349e4a,-57,10
00:24.9, 349e4a,-56,10
00:25.1, 349e4a,-57,10
00:25.1, 349e4a,-60,10
00:25.7, 349e4a,-57,10
00:25.7, 349e4a,-82,10
00:25.9, a8390e,-21,10
00:25.9, a8390e,-55,10
00:25.9, a8390e,-54,10
00:26.3, a8390e,-88,10
00:26.7, a8390e,-43,10
00:27.3, a8390e,-69,10
00:27.3, a8390e,-69,10
00:27.5, a8390e,-64,10
00:27.6, a8390e,-83,10
00:27.9, a8390e,-56,10
00:27.9, a8390e,-39,10
00:27.9, a8390e,-54,10
00:27.9, a8390e,-54,10
00:28.3, a8390e,-54,10
00:28.4, a8390e,-56,10
00:28.4, a8390e,-55,10
00:28.8, a8390e,-56,10
00:28.8, a8390e,-55,10
00:28.8, a8390e,-82,10
00:29.0, a8390e,-54,10
00:29.0, a8390e,-16,10
00:29.0, a8390e,-55,10
00:29.4, a8390e,-58,10
00:29.4, a8390e,-54,10
00:29.4, a8390e,-54,10
00:29.6, a8390e,-56,10
00:30.0, a8390e,-62,10
00:30.2, a8390e,-64,10
00:30.4, a8390e,-65,10
00:30.4, a8390e,-40,10
00:30.4, a8390e,-57,10
00:30.5, a8390e,-57,10
00:30.5, a8390e,-55,10
00:30.6, a8390e,-57,10
00:30.6, a8390e,-56,10
00:30.8, a8390e,-84,10
00:30.8, a8390e,-54,10
00:30.8, a8390e,-43,10
00:31.0, a8390e,-56,10
00:31.0, a8390e,-56,10
00:31.6, a8390e,-59,10
00:32.2, a8390e,-57,10
00:32.2, a8390e,-55,10
00:32.2, a8390e,-56,10
00:32.9, a8390e,-60,10
00:33.0, a8390e,-74,10
00:33.1, a8390e,-66,10
00:33.1, a8390e,-39,10
00:33.1, a8390e,-54,10
00:33.7, a8390e,-66,10
00:33.7, a8390e,-64,10
00:33.7, a8390e,-56,10
00:33.7, a8390e,-54,10
00:34.1, a8390e,-83,10
00:34.1, a8390e,-55,10
00:34.3, a8390e,-54,10
00:34.5, a8390e,-77,10
00:34.9, a8390e,-56,10
00:34.9, a8390e,-54,10
00:34.9, a8390e,-54,10
00:34.9, a8390e,-56,10
00:35.1, a8390e,-57,10
00:35.1, a8390e,-83,10
00:35.1, a8390e,-57,10
00:35.1, a8390e,-55,10
00:35.6, a8390e,-54,10
00:35.6, a8390e,-55,10
00:35.7, a8390e,-56,10
00:35.7, a8390e,-55,10
00:35.8, a8390e,-79,10
00:35.8, a8390e,-83,10
00:35.8, a8390e,-55,10
00:35.8, a8390e,-54,10
00:35.9, a8390e,-61,10
00:36.0, a8390e,-81,10
00:36.0, a8390e,-28,10
00:37.1, 8e276b,-76,10
00:37.1, 8e276b,-52,10
00:37.2, 8e276b,-54,10
00:37.2, 8e276b,-69,10
00:37.2, 8e276b,-68,10
00:37.6, 8e276b,-68,10
00:37.6, 8e276b,-70,10
00:38.0, 8e276b,-55,10
00:38.0, 8e276b,-54,10
00:38.1, 8e276b,-54,10
00:38.2, 8e276b,-44,10
00:38.2, 8e276b,-54,10
00:38.5, 8e276b,-54,10
00:38.8, 8e276b,-56,10
00:39.0, 8e276b,-56,10
00:39.0, 8e276b,-57,10
00:39.0, 8e276b,-67,10
00:39.0, 8e276b,-56,10
00:39.2, 8e276b,-75,10
00:39.2, 8e276b,-58,10
00:39.3, 8e276b,-54,10
00:39.5, 8e276b,-88,10
00:39.7, 8e276b,-72,10
00:39.8, 8e276b,-81,10
00:39.8, 8e276b,-83,10
00:39.9, 8e276b,-62,10
00:39.9, 8e276b,-61,10
00:39.9, 8e276b,-62,10
00:39.9, 8e276b,-70,10
00:40.2, 8e276b,-55,10
00:40.3, 8e276b,-70,10
00:40.3, 8e276b,-89,10
00:40.4, 8e276b,-72,10
00:40.4, 8e276b,-57,10
00:40.5, 8e276b,-64,10
00:41.1, 8e276b,-53,10
00:41.1, 8e276b,-79,10
00:41.1, 8e276b,-56,10
00:41.1, 8e276b,-69,10
00:41.4, 8e276b,-70,10
00:41.5, 8e276b,-70,10
00:41.9, 8e276b,-54,10
00:41.9, 8e276b,-54,10
00:41.9, 8e276b,-55,10
00:42.2, 8e276b,-82,10
00:42.3, 8e276b,-57,10
00:42.7, 8e276b,-56,10
00:43.0, 8e276b,-58,10
00:43.1, 8e276b,-77,10
00:43.2, 8e276b,-89,10
00:43.5, 8e276b,-54,10
00:43.5, 8e276b,-56,10
00:43.5, 8e276b,-54,10
00:44.0, 8e276b,-81,10
00:44.3, 8e276b,-54,10
00:44.4, 8e276b,-53,10
00:44.4, 8e276b,-70,10
00:44.5, 8e276b,-70,10
00:44.6, 8e276b,-53,10
00:44.6, 8e276b,-53,10
00:44.6, 8e276b,-52,10
00:45.0, 8e276b,-65,10
00:45.3, 8e276b,-53,10
00:45.4, 8e276b,-52,10
00:45.4, 8e276b,-78,10
00:45.4, 8e276b,-55,10
00:45.8, 8e276b,-58,10
00:46.0, 8e276b,-59,10
00:46.1, 8e276b,-59,10
00:46.2, 8e276b,-56,10
00:46.2, 8e276b,-62,10
00:46.6, 8e276b,-54,10
00:46.6, 8e276b,-54,10
00:46.6, 8e276b,-64,10
00:46.7, 8e276b,-65,10
00:47.0, 8e276b,-54,10
00:47.0, 8e276b,-54,10
00:47.1, 8e276b,-55,10
00:47.3, 827b65,-58,10
00:47.3, 827b65,-57,10
00:47.3, 827b65,-56,10
00:47.5, 827b65,-69,10
00:47.5, 827b65,-58,10
00:47.5, 827b65,-58,10
00:47.5, 827b65,-55,10
00:48.1, 827b65,-57,10
00:48.1, 827b65,-55,10
00:49.2, 827b65,-54,10
00:49.2, 827b65,-54,10
00:49.5, 827b65,-54,10
00:49.8, 827b65,-54,10
00:50.2, 827b65,-56,10
00:50.2, 827b65,-55,10
00:50.2, 827b65,-56,10
00:50.2, 827b65,-56,10
00:50.3, 827b65,-56,10
00:50.3, 827b65,-89,10
00:50.4, 827b65,-58,10
00:50.4, 827b65,-58,10
00:50.4, 827b65,-21,10
00:50.4, 827b65,-57,10
00:51.2, 827b65,-71,10
00:51.2, 827b65,-55,10
00:51.3, 827b65,-56,10
00:52.0, 827b65,-55,10
00:52.2, 827b65,-45,10
00:52.3, 827b65,-48,10
00:52.5, 827b65,-83,10
00:53.3, 827b65,-57,10
00:53.3, 827b65,-54,10
00:53.3, 827b65,-38,10
00:53.3, 827b65,-55,10
00:53.3, 827b65,-62,10
00:53.6, 827b65,-49,10
00:54.0, 827b65,-89,10
00:54.1, 827b65,-62,10
00:54.3, 827b65,-89,10
00:54.3, 827b65,-64,10
00:54.3, 827b65,-58,10
00:54.3, 827b65,-58,10
00:54.9, 827b65,-77,10
00:55.1, 827b65,-54,10
00:55.3, 827b65,-53,10
00:55.4, 827b65,-16,10
00:55.6, 827b65,-78,10
00:55.6, 827b65,-82,10
00:55.6, 827b65,-54,10
00:56.0, 827b65,-56,10
00:56.0, 827b65,-56,10
00:56.1, 827b65,-39,10
00:56.1, 827b65,-54,10
00:56.2, 827b65,-57,10
00:56.2, 827b65,-54,10
00:56.2, 827b65,-56,10
00:56.4, 827b65,-55,10
00:56.4, 827b65,-55,10
00:56.8, 827b65,-80,10
00:56.8, 827b65,-62,10
00:56.8, 827b65,-58,10
00:56.8, 827b65,-55,10
00:57.0, 827b65,-83,10
00:57.0, 827b65,-81,10
00:57.0, 827b65,-82,10
00:57.0, 827b65,-57,10
00:57.2, 827b65,-64,10
00:57.2, 827b65,-60,10
00:57.8, 349e4a,-57,10
00:58.0, 349e4a,-55,10
00:58.1, 349e4a,-77,10
00:58.2, 349e4a,-56,10
00:58.2, 349e4a,-57,10
00:58.3, 349e4a,-67,10
00:58.4, 349e4a,-56,10
00:58.5, 349e4a,-55,10
00:58.5, 349e4a,-57,10
00:58.5, 349e4a,-55,10
00:58.5, 349e4a,-90,10
00:58.5, 349e4a,-67,10
00:59.5, 349e4a,-59,10
00:59.8, 349e4a,-58,10
00:59.9, 349e4a,-59,10
00:59.9, 349e4a,-58,10
00:59.9, 349e4a,-59,10
00:59.9, 349e4a,-57,10
01:00.0, 349e4a,-63,10
01:00.1, 349e4a,-85,10
01:00.5, 349e4a,-80,10
01:00.7, 349e4a,-61,10
01:00.7, 349e4a,-63,10
01:00.7, 349e4a,-81,10
01:00.7, 349e4a,-63,10
01:00.7, 349e4a,-63,10
01:00.9, 349e4a,-59,10
01:00.9, 349e4a,-59,10
01:00.9, 349e4a,-64,10
01:01.0, 349e4a,-78,10
01:01.3, 349e4a,-65,10
01:01.3, 349e4a,-29,10
01:01.4, 349e4a,-63,10
01:01.4, 349e4a,-63,10
01:01.9, 349e4a,-79,10
01:01.9, 349e4a,-57,10
01:01.9, 349e4a,-57,10
01:02.0, 349e4a,-58,10
01:02.0, 349e4a,-75,10
01:02.2, 349e4a,-83,10
01:02.3, 349e4a,-58,10
01:02.6, 349e4a,-71,10
01:02.6, 349e4a,-72,10
01:02.6, 349e4a,-72,10
01:02.6, 349e4a,-90,10
01:03.0, 349e4a,-44,10
01:03.2, 349e4a,-60,10
01:03.2, 349e4a,-57,10
01:03.2, 349e4a,-37,10
01:03.2, 349e4a,-58,10
01:03.2, 349e4a,-58,10
01:03.3, 349e4a,-58,10
01:03.4, 349e4a,-59,10
01:03.4, 349e4a,-73,10
01:03.4, 349e4a,-56,10
01:03.4, 349e4a,-16,10
01:03.8, 349e4a,-60,10
01:03.8, 349e4a,-60,10
01:03.8, 349e4a,-62,10
01:04.4, 349e4a,-81,10
01:04.4, 349e4a,-61,10
01:04.4, 349e4a,-82,10
01:04.4, 349e4a,-63,10
01:04.4, 349e4a,-81,10
01:04.8, 349e4a,-79,10
01:04.8, 349e4a,-82,10
01:04.9, 349e4a,-66,10
01:04.9, 349e4a,-66,10
01:04.9, 349e4a,-89,10
01:05.0, 349e4a,-82,10
01:05.0, 349e4a,-58,10
01:05.1, 349e4a,-71,10
01:05.1, 349e4a,-68,10
01:05.1, 349e4a,-70,10
01:05.1, 349e4a,-90,10
01:05.5, 349e4a,-76,10
01:05.5, 349e4a,-90,10
01:05.9, 349e4a,-76,10
01:05.9, 349e4a,-82,10
01:05.9, 349e4a,-85,10
01:06.3, 349e4a,-59,10
01:06.3, 349e4a,-58,10
01:06.3, 349e4a,-58,10
01:07.3, 349e4a,-59,10
01:07.5, 349e4a,-63,10
01:07.9, 349e4a,-81,10
01:07.9, 349e4a,-59,10
01:08.1, 349e4a,-84,10
01:08.4, 349e4a,-63,10
01:08.4, 349e4a,-61,10
01:08.7, a8390e,-59,10
01:08.7, a8390e,-55,10
01:08.7, a8390e,-57,10
01:08.9, a8390e,-59,10
01:09.3, a8390e,-65,10
01:09.3, a8390e,-65,10
01:09.3, a8390e,-63,10
01:09.5, a8390e,-79,10
01:09.5, a8390e,-61,10
01:10.3, a8390e,-72,10
01:10.3, a8390e,-70,10
01:10.3, a8390e,-70,10
01:10.5, a8390e,-72,10
01:10.9, a8390e,-56,10
01:11.3, a8390e,-57,10
01:11.3, a8390e,-57,10
01:11.3, a8390e,-82,10
01:11.6, a8390e,-79,10
01:11.6, a8390e,-59,10
01:11.6, a8390e,-57,10
01:11.7, a8390e,-59,10
01:11.7, a8390e,-21,10
01:11.8, a8390e,-56,10
01:11.8, a8390e,-66,10
01:12.0, a8390e,-60,10
01:12.2, a8390e,-60,10
01:12.2, a8390e,-67,10
01:12.4, a8390e,-75,10
01:12.4, a8390e,-80,10
01:12.4, a8390e,-21,10
01:12.4, a8390e,-81,10
01:12.7, a8390e,-57,10
01:12.8, a8390e,-65,10
01:12.8, a8390e,-65,10
01:12.8, a8390e,-77,10
01:12.8, a8390e,-58,10
01:13.5, a8390e,-83,10
01:13.6, a8390e,-58,10
01:13.6, a8390e,-55,10
01:13.6, a8390e,-57,10
01:13.7, a8390e,-70,10
01:13.8, a8390e,-84,10
01:14.2, a8390e,-58,10
01:14.2, a8390e,-58,10
01:14.4, a8390e,-58,10
01:14.4, a8390e,-58,10
01:14.5, a8390e,-57,10
01:14.5, a8390e,-77,10
01:14.6, a8390e,-59,10
01:14.6, a8390e,-55,10
01:15.6, a8390e,-89,10
01:15.7, a8390e,-58,10
01:15.7, a8390e,-28,10
01:15.8, a8390e,-63,10
01:15.8, a8390e,-63,10
01:15.9, a8390e,-74,10
01:15.9, a8390e,-61,10
01:15.9, a8390e,-61,10
01:17.0, a8390e,-58,10
01:17.3, a8390e,-72,10
01:17.3, a8390e,-59,10
01:17.3, a8390e,-72,10
01:17.7, a8390e,-83,10
01:17.7, a8390e,-56,10
01:17.7, a8390e,-85,10
01:18.5, a8390e,-57,10
01:18.5, a8390e,-88,10
01:18.5, a8390e,-61,10
01:18.6, a8390e,-85,10
01:18.6, a8390e,-56,10
01:18.7, a8390e,-59,10
01:18.7, a8390e,-61,10
01:18.7, a8390e,-61,10
01:18.8, a8390e,-58,10
01:18.8, a8390e,-55,10
01:18.8, a8390e,-78,10
01:19.1, 8e276b,-73,10
01:19.5, 8e276b,-57,10
01:19.5, 8e276b,-62,10
01:19.6, 8e276b,-68,10
01:19.9, 8e276b,-58,10
01:20.0, 8e276b,-72,10
01:20.4, 8e276b,-58,10
01:20.4, 8e276b,-72,10
01:20.8, 8e276b,-54,10
01:20.8, 8e276b,-58,10
01:20.8, 8e276b,-72,10
01:21.4, 8e276b,-59,10
01:21.4, 8e276b,-40,10
01:21.4, 8e276b,-79,10
01:21.4, 8e276b,-87,10
01:21.4, 8e276b,-56,10
01:22.0, 8e276b,-61,10
01:22.0, 8e276b,-59,10
01:22.0, 8e276b,-58,10
01:22.4, 8e276b,-63,10
01:22.5, 8e276b,-63,10
01:23.1, 8e276b,-70,10
01:23.2, 8e276b,-60,10
01:23.5, 8e276b,-57,10
01:23.8, 8e276b,-85,10
01:23.9, 8e276b,-57,10
01:23.9, 8e276b,-56,10
01:23.9, 8e276b,-69,10
01:23.9, 8e276b,-72,10
01:24.6, 8e276b,-59,10
01:24.7, 8e276b,-81,10
01:24.7, 8e276b,-61,10
01:24.7, 8e276b,-58,10
01:24.7, 8e276b,-89,10
01:24.7, 8e276b,-59,10
01:25.0, 8e276b,-61,10
01:25.1, 8e276b,-61,10
01:25.1, 8e276b,-82,10
01:25.9, 8e276b,-83,10
01:26.1, 8e276b,-66,10
01:26.3, 8e276b,-58,10
01:27.2, 8e276b,-74,10
01:27.2, 8e276b,-72,10
01:27.3, 8e276b,-54,10
01:27.3, 8e276b,-54,10
01:27.3, 8e276b,-70,10
01:27.8, 8e276b,-60,10
01:27.8, 8e276b,-57,10
01:28.2, 8e276b,-59,10
01:28.2, 8e276b,-57,10
01:29.0, 8e276b,-72,10
01:29.0, 8e276b,-64,10
01:29.0, 8e276b,-63,10
01:29.3, 8e276b,-88,10
01:29.4, 8e276b,-57,10
01:29.4, 8e276b,-59,10
01:29.4, 8e276b,-57,10
01:29.4, 8e276b,-83,10
01:30.0, 827b65,-59,10
01:30.1, 827b65,-61,10
01:30.2, 827b65,-83,10
01:30.3, 827b65,-70,10
01:30.3, 827b65,-63,10
01:30.3, 827b65,-62,10
01:30.9, 827b65,-58,10
01:31.0, 827b65,-59,10
01:31.1, 827b65,-51,10
01:31.1, 827b65,-59,10
01:31.2, 827b65,-78,10
01:31.2, 827b65,-58,10
01:31.8, 827b65,-82,10
01:31.8, 827b65,-57,10
01:32.0, 827b65,-59,10
01:32.0, 827b65,-58,10
01:32.6, 827b65,-63,10
01:33.2, 827b65,-88,10
01:34.0, 827b65,-75,10
00:00.2, a8390e,-65,20
00:00.6, a8390e,-77,20
00:00.6, a8390e,-73,20
00:00.6, a8390e,-55,20
00:00.7, a8390e,-70,20
00:00.8, a8390e,-72,20
00:00.8, a8390e,-72,20
00:01.8, a8390e,-73,20
00:02.0, a8390e,-55,20
00:02.0, a8390e,-70,20
00:02.0, a8390e,-68,20
00:02.3, a8390e,-64,20
00:02.3, a8390e,-63,20
00:02.3, a8390e,-65,20
00:02.5, a8390e,-63,20
00:02.7, a8390e,-64,20
00:02.7, a8390e,-21,20
00:02.9, a8390e,-72,20
00:02.9, a8390e,-55,20
00:03.5, a8390e,-72,20
00:03.7, a8390e,-72,20
00:03.7, a8390e,-70,20
00:03.7, a8390e,-73,20
00:03.7, a8390e,-74,20
00:04.3, a8390e,-75,20
00:04.3, a8390e,-76,20
00:04.9, 8e276b,-70,20
00:04.9, 8e276b,-70,20
00:05.5, 8e276b,-73,20
00:05.5, 8e276b,-72,20
00:05.9, 8e276b,-71,20
00:05.9, 8e276b,-70,20
00:06.4, 8e276b,-73,20
00:06.4, 8e276b,-72,20
00:06.9, 8e276b,-74,20
00:07.0, 8e276b,-73,20
00:07.0, 8e276b,-72,20
00:07.6, 8e276b,-75,20
00:07.6, 8e276b,-72,20
00:08.6, 8e276b,-67,20
00:08.6, 8e276b,-68,20
00:09.0, 8e276b,-65,20
00:09.0, 8e276b,-68,20
00:09.0, 8e276b,-71,20
00:09.0, 8e276b,-72,20
00:09.7, 8e276b,-72,20
00:09.8, 8e276b,-74,20
00:09.9, 8e276b,-68,20
00:10.1, 8e276b,-70,20
00:10.2, 8e276b,-71,20
00:10.7, 8e276b,-69,20
00:10.7, 8e276b,-70,20
00:11.0, 8e276b,-73,20
00:11.1, 8e276b,-75,20
00:11.7, 8e276b,-71,20
00:11.7, 8e276b,-70,20
00:12.5, 8e276b,-71,20
00:12.9, 8e276b,-67,20
00:12.9, 8e276b,-71,20
00:13.0, 8e276b,-72,20
00:13.1, 8e276b,-60,20
00:13.2, 8e276b,-73,20
00:13.4, 8e276b,-72,20
00:13.9, 8e276b,-70,20
00:14.0, 8e276b,-74,20
00:14.0, 8e276b,-77,20
00:14.2, 8e276b,-76,20
00:14.2, 8e276b,-73,20
00:14.3, 8e276b,-67,20
00:14.8, 8e276b,-66,20
00:14.8, 8e276b,-68,20
00:14.8, 8e276b,-71,20
00:15.0, 8e276b,-71,20
00:15.1, 8e276b,-71,20
00:15.1, 8e276b,-63,20
00:15.2, 8e276b,-63,20
00:15.2, 8e276b,-72,20
00:15.2, 8e276b,-71,20
00:15.2, 8e276b,-72,20
00:16.1, 827b65,-72,20
00:16.9, 827b65,-64,20
00:16.9, 827b65,-66,20
00:16.9, 827b65,-77,20
00:17.5, 827b65,-74,20
00:17.9, 827b65,-76,20
00:18.0, 827b65,-75,20
00:18.2, 827b65,-62,20
00:18.3, 827b65,-67,20
00:18.3, 827b65,-67,20
00:18.3, 827b65,-66,20
00:18.4, 827b65,-65,20
00:18.5, 827b65,-65,20
00:18.5, 827b65,-76,20
00:18.7, 827b65,-57,20
00:18.9, 827b65,-63,20
00:18.9, 827b65,-63,20
00:19.4, 827b65,-65,20
00:19.6, 827b65,-65,20
00:19.6, 827b65,-69,20
00:19.7, 827b65,-64,20
00:20.1, 827b65,-71,20
00:20.3, 827b65,-70,20
00:20.4, 827b65,-65,20
00:20.4, 827b65,-70,20
00:20.6, 827b65,-63,20
00:20.6, 827b65,-66,20
00:20.6, 827b65,-63,20
00:20.7, 827b65,-74,20
00:21.8, 827b65,-64,20
00:21.8, 827b65,-45,20
00:21.8, 827b65,-66,20
00:22.0, 827b65,-66,20
00:22.1, 827b65,-64,20
00:22.1, 827b65,-66,20
00:22.6, 827b65,-64,20
00:22.6, 827b65,-59,20
00:23.5, 827b65,-63,20
00:23.5, 827b65,-63,20
00:23.5, 827b65,-52,20
00:23.5, 827b65,-72,20
00:24.1, 827b65,-66,20
00:24.1, 827b65,-66,20
00:24.7, 827b65,-69,20
00:24.7, 827b65,-71,20
00:24.7, 827b65,-66,20
00:24.9, 827b65,-62,20
00:24.9, 827b65,-68,20
00:25.5, 827b65,-60,20
00:25.6, 827b65,-65,20
00:25.7, 827b65,-63,20
00:25.8, 827b65,-59,20
00:25.8, 827b65,-66,20
00:26.4, 827b65,-65,20
00:26.4, 827b65,-66,20
00:26.4, 827b65,-74,20
00:26.5, 827b65,-63,20
00:27.0, 349e4a,-63,20
00:27.2, 349e4a,-63,20
00:27.2, 349e4a,-54,20
00:27.3, 349e4a,-63,20
00:27.4, 349e4a,-70,20
00:28.0, 349e4a,-65,20
00:28.0, 349e4a,-66,20
00:28.3, 349e4a,-66,20
00:28.3, 349e4a,-63,20
00:28.3, 349e4a,-67,20
00:28.4, 349e4a,-68,20
00:28.5, 349e4a,-77,20
00:28.5, 349e4a,-74,20
00:28.7, 349e4a,-67,20
00:28.7, 349e4a,-76,20
00:28.7, 349e4a,-76,20
00:28.7, 349e4a,-73,20
00:29.1, 349e4a,-75,20
00:29.1, 349e4a,-73,20
00:29.9, 349e4a,-63,20
00:30.5, 349e4a,-69,20
00:30.9, 349e4a,-70,20
00:30.9, 349e4a,-68,20
00:30.9, 349e4a,-52,20
00:30.9, 349e4a,-63,20
00:31.1, 349e4a,-68,20
00:31.1, 349e4a,-68,20
00:32.1, 349e4a,-69,20
00:32.1, 349e4a,-68,20
00:33.0, 349e4a,-73,20
00:33.0, 349e4a,-62,20
00:33.0, 349e4a,-62,20
00:33.4, 349e4a,-61,20
00:33.5, 349e4a,-63,20
00:33.5, 349e4a,-63,20
00:33.5, 349e4a,-63,20
00:33.7, 349e4a,-61,20
00:33.8, 349e4a,-75,20
00:33.8, 349e4a,-68,20
00:34.0, 349e4a,-68,20
00:34.0, 349e4a,-69,20
00:34.0, 349e4a,-72,20
00:34.2, 349e4a,-76,20
00:34.3, 349e4a,-77,20
00:34.6, 349e4a,-67,20
00:34.6, 349e4a,-65,20
00:35.0, 349e4a,-55,20
00:35.0, 349e4a,-66,20
00:35.0, 349e4a,-72,20
00:35.2, 349e4a,-72,20
00:35.8, 349e4a,-72,20
00:35.9, 349e4a,-72,20
00:36.0, 349e4a,-72,20
00:36.1, 349e4a,-69,20
00:36.1, 349e4a,-74,20
00:36.3, 349e4a,-62,20
00:37.8, 349e4a,-75,20
00:37.9, 349e4a,-68,20
00:37.9, 349e4a,-75,20
00:38.6, a8390e,-73,20
00:38.7, a8390e,-73,20
00:39.1, a8390e,-78,20
00:39.3, a8390e,-74,20
00:39.3, a8390e,-75,20
00:39.8, a8390e,-63,20
00:40.1, a8390e,-78,20
00:40.1, a8390e,-76,20
00:40.1, a8390e,-75,20
00:40.3, a8390e,-73,20
00:40.3, a8390e,-75,20
00:40.3, a8390e,-71,20
00:40.9, a8390e,-68,20
00:40.9, a8390e,-71,20
00:40.9, a8390e,-70,20
00:41.1, a8390e,-66,20
00:41.3, a8390e,-72,20
00:41.3, a8390e,-68,20
00:41.8, a8390e,-63,20
00:41.8, a8390e,-62,20
00:42.0, a8390e,-63,20
00:42.0, a8390e,-63,20
00:42.0, a8390e,-16,20
00:42.2, a8390e,-63,20
00:42.4, a8390e,-63,20
00:42.4, a8390e,-63,20
00:43.0, a8390e,-72,20
00:43.2, a8390e,-62,20
00:44.0, a8390e,-76,20
00:44.0, a8390e,-76,20
00:44.2, a8390e,-71,20
00:44.6, a8390e,-63,20
00:44.6, a8390e,-63,20
00:45.0, a8390e,-21,20
00:45.7, a8390e,-63,20
00:46.1, a8390e,-65,20
00:46.5, a8390e,-80,20
00:47.1, a8390e,-69,20
00:47.1, a8390e,-55,20
00:47.1, a8390e,-77,20
00:47.1, a8390e,-76,20
00:47.1, a8390e,-76,20
00:47.1, a8390e,-74,20
00:47.3, a8390e,-70,20
00:48.1, a8390e,-74,20
00:48.1, a8390e,-72,20
00:48.1, a8390e,-75,20
00:48.4, a8390e,-63,20
00:48.4, a8390e,-61,20
00:48.7, a8390e,-64,20
00:48.8, a8390e,-72,20
00:48.9, a8390e,-74,20
00:49.1, a8390e,-76,20
00:49.1, a8390e,-73,20
00:49.2, a8390e,-64,20
00:49.4, a8390e,-5,20
00:49.7, 8e276b,-70,20
00:49.7, 8e276b,-68,20
00:49.8, 8e276b,-74,20
00:49.9, 8e276b,-70,20
00:50.2, 8e276b,-72,20
00:50.6, 8e276b,-68,20
00:50.6, 8e276b,-67,20
00:51.2, 8e276b,-65,20
00:51.2, 8e276b,-63,20
00:51.2, 8e276b,-63,20
00:51.2, 8e276b,-72,20
00:51.2, 8e276b,-72,20
00:51.2, 8e276b,-72,20
00:51.6, 8e276b,-65,20
00:51.6, 8e276b,-66,20
00:51.6, 8e276b,-67,20
00:51.6, 8e276b,-75,20
00:51.9, 8e276b,-64,20
00:52.0, 8e276b,-69,20
00:52.0, 8e276b,-76,20
00:52.6, 8e276b,-66,20
00:52.8, 8e276b,-78,20
00:53.0, 8e276b,-65,20
00:53.4, 8e276b,-66,20
00:53.5, 8e276b,-66,20
00:53.5, 8e276b,-61,20
00:53.6, 8e276b,-59,20
00:53.7, 8e276b,-71,20
00:53.7, 8e276b,-78,20
00:53.8, 8e276b,-63,20
00:53.8, 8e276b,-67,20
00:53.9, 8e276b,-70,20
00:54.3, 8e276b,-66,20
00:54.7, 8e276b,-41,20
00:55.3, 8e276b,-66,20
00:55.7, 8e276b,-65,20
00:55.7, 8e276b,-66,20
00:55.7, 8e276b,-65,20
00:55.7, 8e276b,-55,20
00:56.1, 8e276b,-65,20
00:56.5, 8e276b,-66,20
00:56.6, 8e276b,-63,20
00:57.2, 8e276b,-76,20
00:57.6, 8e276b,-70,20
00:57.6, 8e276b,-70,20
00:57.6, 8e276b,-71,20
00:57.7, 8e276b,-63,20
00:57.7, 8e276b,-64,20
00:57.8, 8e276b,-71,20
00:57.8, 8e276b,-70,20
00:57.9, 8e276b,-63,20
00:58.0, 8e276b,-72,20
00:58.0, 8e276b,-66,20
00:58.3, 8e276b,-67,20
00:58.4, 8e276b,-72,20
00:58.7, 8e276b,-66,20
00:58.8, 8e276b,-65,20
00:59.3, 8e276b,-76,20
00:59.6, 8e276b,-64,20
00:59.7, 8e276b,-74,20
00:59.7, 8e276b,-74,20
01:00.0, 8e276b,-65,20
01:00.0, 8e276b,-65,20
01:00.1, 8e276b,-74,20
01:01.1, 827b65,-65,20
01:01.1, 827b65,-65,20
01:01.3, 827b65,-65,20
01:02.0, 827b65,-65,20
01:02.1, 827b65,-64,20
01:02.1, 827b65,-63,20
01:02.2, 827b65,-67,20
01:02.2, 827b65,-68,20
01:03.0, 827b65,-70,20
01:03.4, 827b65,-66,20
01:04.2, 827b65,-71,20
01:04.2, 827b65,-71,20
01:04.2, 827b65,-64,20
01:05.1, 827b65,-65,20
01:05.1, 827b65,-64,20
01:05.2, 827b65,-61,20
01:05.3, 827b65,-66,20
01:05.7, 827b65,-67,20
01:05.8, 827b65,-28,20
01:05.9, 827b65,-68,20
01:06.1, 827b65,-60,20
01:06.2, 827b65,-63,20
01:06.3, 827b65,-72,20
01:06.3, 827b65,-67,20
01:06.3, 827b65,-72,20
01:06.5, 827b65,-65,20
01:06.9, 827b65,-62,20
01:07.1, 827b65,-73,20
01:07.1, 827b65,-76,20
01:07.3, 827b65,-74,20
01:07.3, 827b65,-72,20
01:07.9, 827b65,-60,20
01:07.9, 827b65,-59,20
01:07.9, 827b65,-45,20
01:07.9, 827b65,-60,20
01:08.0, 827b65,-64,20
01:08.1, 827b65,-62,20
01:08.1, 827b65,-56,20
01:08.1, 827b65,-66,20
01:08.1, 827b65,-66,20
01:08.2, 827b65,-65,20
01:09.0, 827b65,-28,20
01:09.0, 827b65,-63,20
01:09.2, 827b65,-63,20
01:09.2, 827b65,-69,20
01:09.2, 827b65,-66,20
01:09.3, 827b65,-64,20
01:09.3, 827b65,-64,20
01:09.4, 827b65,-71,20
01:10.2, 827b65,-65,20
01:10.2, 827b65,-64,20
01:10.2, 827b65,-64,20
01:10.8, 827b65,-69,20
01:10.8, 827b65,-64,20
01:11.0, 827b65,-59,20
01:11.1, 827b65,-64,20
01:12.5, 349e4a,-68,20
01:12.7, 349e4a,-43,20
01:12.9, 349e4a,-74,20
01:13.1, 349e4a,-73,20
01:13.3, 349e4a,-72,20
01:13.3, 349e4a,-62,20
01:13.4, 349e4a,-63,20
01:13.5, 349e4a,-63,20
01:14.1, 349e4a,-65,20
01:14.2, 349e4a,-74,20
01:14.5, 349e4a,-64,20
01:14.5, 349e4a,-66,20
01:14.9, 349e4a,-66,20
01:14.9, 349e4a,-66,20
01:15.2, 349e4a,-72,20
01:15.4, 349e4a,-67,20
01:15.4, 349e4a,-65,20
01:15.5, 349e4a,-58,20
01:15.6, 349e4a,-67,20
01:15.6, 349e4a,-67,20
01:15.6, 349e4a,-72,20
01:15.6, 349e4a,-72,20
01:15.6, 349e4a,-70,20
01:15.7, 349e4a,-73,20
01:16.6, 349e4a,-54,20
01:16.6, 349e4a,-64,20
01:17.8, 349e4a,-74,20
01:18.0, 349e4a,-65,20
01:18.1, 349e4a,-76,20
01:18.3, 349e4a,-71,20
01:18.5, 349e4a,-65,20
01:18.5, 349e4a,-66,20
01:18.5, 349e4a,-75,20
01:19.1, 349e4a,-63,20
01:19.5, 349e4a,-60,20
01:19.5, 349e4a,-62,20
01:19.8, 349e4a,-70,20
01:19.9, 349e4a,-70,20
01:20.0, 349e4a,-59,20
01:20.0, 349e4a,-67,20
01:20.1, 349e4a,-57,20
01:20.5, 349e4a,-68,20
01:20.7, 349e4a,-68,20
01:20.7, 349e4a,-67,20
01:20.9, 349e4a,-64,20
01:21.2, 349e4a,-53,20
01:21.9, 349e4a,-66,20
01:22.0, 349e4a,-68,20
01:22.0, 349e4a,-76,20
01:22.1, 349e4a,-67,20
01:22.1, 349e4a,-68,20
01:22.4, 349e4a,-63,20
01:22.4, 349e4a,-62,20
01:22.4, 349e4a,-61,20
01:22.6, 349e4a,-70,20
01:22.6, 349e4a,-70,20
01:23.0, 349e4a,-69,20
01:23.2, 349e4a,-68,20
01:23.7, a8390e,-67,20
01:23.9, a8390e,-60,20
01:23.9, a8390e,-64,20
01:24.1, a8390e,-61,20
01:24.1, a8390e,-58,20
01:24.1, a8390e,-61,20
01:24.5, a8390e,-72,20
01:24.7, a8390e,-75,20
01:24.7, a8390e,-72,20
01:25.4, a8390e,-73,20
01:25.4, a8390e,-63,20
01:25.6, a8390e,-63,20
01:25.6, a8390e,-62,20
01:25.6, a8390e,-21,20
01:25.7, a8390e,-60,20
01:26.0, a8390e,-65,20
01:26.0, a8390e,-64,20
01:26.0, a8390e,-65,20
01:26.9, 09ce05,-46,20
01:27.6, a8390e,-72,20
01:27.6, a8390e,-65,20
01:27.9, a8390e,-63,20
01:27.9, a8390e,-39,20
01:27.9, a8390e,-64,20
01:28.1, a8390e,-63,20
01:28.1, a8390e,-62,20
01:28.7, a8390e,-73,20
01:28.7, a8390e,-63,20
01:28.7, a8390e,-64,20
01:28.9, a8390e,-64,20
01:28.9, a8390e,-58,20
01:29.7, a8390e,-74,20
01:29.7, a8390e,-75,20
01:29.7, a8390e,-68,20
01:29.8, a8390e,-48,20
01:30.2, a8390e,-71,20
01:30.3, a8390e,-69,20
01:30.3, a8390e,-72,20
01:30.5, a8390e,-71,20
01:31.1, a8390e,-72,20
01:31.1, a8390e,-75,20
01:31.1, a8390e,-72,20
01:31.5, a8390e,-69,20
01:31.5, a8390e,-72,20
01:31.5, a8390e,-21,20
01:31.5, a8390e,-64,20
01:31.6, a8390e,-63,20
01:31.6, a8390e,-62,20
01:31.8, a8390e,-61,20
01:32.5, a8390e,-78,20
01:32.6, a8390e,-80,20
01:32.6, a8390e,-65,20
01:33.1, a8390e,-72,20
01:33.1, a8390e,-71,20
01:33.2, a8390e,-75,20
01:33.2, a8390e,-75,20
01:33.3, a8390e,-70,20
01:33.4, a8390e,-75,20
00:00.8, 349e4a,-55,30
00:00.9, 349e4a,-74,30
00:01.0, 349e4a,-55,30
00:02.3, 349e4a,-72,30
00:02.3, 349e4a,-78,30
00:02.7, 349e4a,-55,30
00:02.7, 349e4a,-75,30
00:02.7, 349e4a,-75,30
00:04.0, 349e4a,-21,30
00:04.5, 349e4a,-67,30
00:04.6, 349e4a,-75,30
00:04.7, 349e4a,-66,30
00:04.7, 349e4a,-80,30
00:04.7, 349e4a,-67,30
00:04.7, 349e4a,-82,30
00:04.9, 349e4a,-81,30
00:05.0, 349e4a,-83,30
00:05.6, 349e4a,-74,30
00:05.7, 349e4a,-76,30
00:06.5, a8390e,-72,30
00:06.6, a8390e,-63,30
00:06.6, a8390e,-58,30
00:06.8, a8390e,-58,30
00:06.8, a8390e,-62,30
00:06.9, a8390e,-73,30
00:07.4, a8390e,-57,30
00:07.4, a8390e,-63,30
00:07.6, a8390e,-71,30
00:07.6, a8390e,-71,30
00:07.8, a8390e,-83,30
00:07.8, a8390e,-71,30
00:07.9, a8390e,-70,30
00:08.1, a8390e,-73,30
00:08.1, a8390e,-73,30
00:08.4, a8390e,-46,30
00:08.6, a8390e,-59,30
00:09.0, a8390e,-60,30
00:09.0, a8390e,-61,30
00:09.0, a8390e,-62,30
00:09.1, a8390e,-63,30
00:09.2, a8390e,-63,30
00:09.2, a8390e,-78,30
00:09.2, a8390e,-63,30
00:10.0, a8390e,-76,30
00:10.0, a8390e,-62,30
00:10.1, a8390e,-58,30
00:10.2, a8390e,-84,30
00:10.2, a8390e,-63,30
00:10.3, a8390e,-63,30
00:10.3, a8390e,-53,30
00:11.0, a8390e,-72,30
00:11.1, a8390e,-71,30
00:12.3, a8390e,-61,30
00:12.9, a8390e,-74,30
00:12.9, a8390e,-73,30
00:13.1, a8390e,-72,30
00:13.7, a8390e,-89,30
00:13.7, a8390e,-74,30
00:13.8, a8390e,-63,30
00:13.9, a8390e,-74,30
00:14.0, a8390e,-65,30
00:14.5, a8390e,-75,30
00:15.0, a8390e,-64,30
00:15.8, a8390e,-63,30
00:15.8, a8390e,-62,30
00:15.8, a8390e,-63,30
00:15.8, a8390e,-57,30
00:16.0, a8390e,-61,30
00:16.0, a8390e,-58,30
00:16.6, a8390e,-57,30
00:16.8, a8390e,-83,30
00:16.9, a8390e,-63,30
00:17.2, a8390e,-73,30
00:17.2, a8390e,-73,30
00:17.2, a8390e,-85,30
00:17.4, a8390e,-77,30
00:18.1, 8e276b,-73,30
00:18.6, 8e276b,-63,30
00:18.6, 8e276b,-63,30
00:19.4, 8e276b,-64,30
00:19.4, 8e276b,-68,30
00:20.3, 8e276b,-72,30
00:20.3, 8e276b,-82,30
00:20.3, 8e276b,-86,30
00:20.7, 8e276b,-71,30
00:21.1, 8e276b,-72,30
00:21.2, 8e276b,-72,30
00:21.2, 8e276b,-72,30
00:21.7, 8e276b,-62,30
00:21.7, 8e276b,-50,30
00:22.1, 8e276b,-65,30
00:22.1, 8e276b,-78,30
00:22.2, 8e276b,-76,30
00:22.5, 8e276b,-66,30
00:22.5, 8e276b,-60,30
00:22.6, 8e276b,-72,30
00:23.6, 8e276b,-81,30
00:24.5, 8e276b,-75,30
00:24.8, 8e276b,-61,30
00:25.2, 8e276b,-74,30
00:25.3, 8e276b,-77,30
00:25.4, 8e276b,-64,30
00:25.4, 8e276b,-60,30
00:25.6, 8e276b,-80,30
00:25.6, 8e276b,-65,30
00:25.6, 8e276b,-82,30
00:26.2, 8e276b,-63,30
00:27.3, 8e276b,-72,30
00:27.9, 8e276b,-66,30
00:27.9, 8e276b,-67,30
00:27.9, 8e276b,-66,30
00:29.5, 827b65,-79,30
00:29.8, 827b65,-62,30
00:30.0, 827b65,-63,30
00:30.0, 827b65,-63,30
00:30.6, 827b65,-66,30
00:30.6, 827b65,-82,30
00:30.7, 827b65,-67,30
00:30.8, 827b65,-70,30
00:31.0, 827b65,-71,30
00:31.0, 827b65,-66,30
00:31.1, 827b65,-81,30
00:32.2, 827b65,-61,30
00:32.7, 827b65,-76,30
00:32.9, 827b65,-74,30
00:32.9, 827b65,-77,30
00:32.9, 827b65,-59,30
00:33.0, 827b65,-71,30
00:33.1, 827b65,-45,30
00:33.8, 827b65,-70,30
00:34.3, 827b65,-68,30
00:34.6, 827b65,-69,30
00:34.6, 827b65,-62,30
00:35.1, 827b65,-79,30
00:37.0, 827b65,-54,30
00:37.0, 827b65,-81,30
00:37.2, 827b65,-52,30
00:37.2, 827b65,-65,30
00:37.2, 827b65,-80,30
00:38.0, 827b65,-63,30
00:38.7, 827b65,-83,30
00:38.8, 827b65,-60,30
00:38.9, 827b65,-79,30
00:40.2, 349e4a,-63,30
00:40.5, 349e4a,-65,30
00:40.5, 349e4a,-58,30
00:41.6, 349e4a,-74,30
00:41.6, 349e4a,-76,30
00:41.6, 349e4a,-89,30
00:41.6, 349e4a,-74,30
00:41.8, 349e4a,-78,30
00:41.8, 349e4a,-75,30
00:41.8, 349e4a,-75,30
00:41.8, 349e4a,-72,30
00:42.0, 349e4a,-72,30
00:42.0, 349e4a,-72,30
00:42.4, 349e4a,-89,30
00:42.4, 349e4a,-72,30
00:42.4, 349e4a,-72,30
00:42.4, 349e4a,-86,30
00:42.6, 349e4a,-71,30
00:43.1, 349e4a,-77,30
00:43.1, 349e4a,-78,30
00:44.0, 349e4a,-65,30
00:44.1, 349e4a,-76,30
00:44.2, 349e4a,-58,30
00:44.3, 349e4a,-71,30
00:44.4, 349e4a,-68,30
00:44.4, 349e4a,-78,30
00:44.6, 349e4a,-69,30
00:44.7, 349e4a,-84,30
00:45.5, 349e4a,-72,30
00:45.5, 349e4a,-79,30
00:45.5, 349e4a,-80,30
00:45.5, 349e4a,-72,30
00:45.5, 349e4a,-72,30
00:47.1, 349e4a,-79,30
00:47.1, 349e4a,-64,30
00:47.1, 349e4a,-66,30
00:48.4, 349e4a,-74,30
00:48.4, 349e4a,-89,30
00:49.6, 349e4a,-62,30
00:49.6, 349e4a,-62,30
00:49.6, 349e4a,-45,30
00:49.6, 349e4a,-78,30
00:49.8, 349e4a,-72,30
00:50.9, 349e4a,-63,30
00:51.0, 349e4a,-63,30
00:51.2, a8390e,-52,30
00:51.4, a8390e,-61,30
00:51.4, a8390e,-62,30
00:52.4, a8390e,-74,30
00:52.4, a8390e,-10,30
00:52.5, a8390e,-75,30
00:52.6, a8390e,-41,30
00:52.6, a8390e,-62,30
00:53.2, a8390e,-71,30
00:53.2, a8390e,-74,30
00:53.3, a8390e,-82,30
00:53.3, a8390e,-63,30
00:53.5, a8390e,-65,30
00:53.5, a8390e,-49,30
00:53.6, a8390e,-82,30
00:53.8, a8390e,-78,30
00:54.7, a8390e,-62,30
00:54.7, a8390e,-63,30
00:54.7, a8390e,-43,30
00:54.9, a8390e,-76,30
00:55.3, a8390e,-62,30
00:55.5, a8390e,-78,30
00:55.5, a8390e,-61,30
00:55.5, a8390e,-63,30
00:56.1, a8390e,-72,30
00:56.1, a8390e,-88,30
00:56.5, a8390e,-75,30
00:56.5, a8390e,-84,30
00:56.6, a8390e,-62,30
00:56.8, a8390e,-65,30
00:56.8, a8390e,-81,30
00:56.8, a8390e,-64,30
00:57.6, a8390e,-73,30
00:57.6, a8390e,-68,30
00:57.8, a8390e,-74,30
00:58.0, a8390e,-72,30
00:58.2, a8390e,-78,30
00:58.2, a8390e,-75,30
00:58.2, a8390e,-72,30
00:59.0, a8390e,-63,30
00:59.0, a8390e,-63,30
00:59.1, 9fc805,-85,30
00:59.6, a8390e,-77,30
00:59.6, a8390e,-74,30
00:59.6, a8390e,-71,30
00:59.7, a8390e,-83,30
01:00.0, a8390e,-73,30
01:00.0, a8390e,-72,30
01:00.1, a8390e,-63,30
01:00.2, a8390e,-83,30
01:00.2, a8390e,-76,30
01:00.2, a8390e,-72,30
01:00.2, a8390e,-84,30
01:00.2, a8390e,-71,30
01:00.4, a8390e,-63,30
01:00.8, a8390e,-71,30
01:01.0, a8390e,-79,30
01:01.1, a8390e,-53,30
01:01.1, a8390e,-61,30
01:01.3, a8390e,-63,30
01:02.2, 8e276b,-66,30
01:02.2, 8e276b,-54,30
01:02.2, 8e276b,-67,30
01:02.9, 8e276b,-75,30
01:02.9, 8e276b,-75,30
01:03.1, 8e276b,-85,30
01:03.1, 8e276b,-77,30
01:03.1, 8e276b,-72,30
01:03.7, 8e276b,-84,30
01:03.7, 8e276b,-70,30
01:03.7, 8e276b,-72,30
01:03.8, 8e276b,-70,30
01:04.3, 8e276b,-63,30
01:04.3, 8e276b,-79,30
01:04.7, 8e276b,-64,30
01:05.3, 8e276b,-64,30
01:05.8, 8e276b,-63,30
01:06.6, 8e276b,-70,30
01:08.2, 8e276b,-64,30
01:08.2, 8e276b,-64,30
01:08.4, 8e276b,-64,30
01:08.4, 8e276b,-66,30
01:08.4, 8e276b,-65,30
01:08.9, 8e276b,-65,30
01:09.2, 8e276b,-68,30
01:09.2, 8e276b,-66,30
01:09.2, 8e276b,-80,30
01:09.2, 8e276b,-57,30
01:09.6, 8e276b,-67,30
01:09.6, 8e276b,-56,30
01:10.1, 8e276b,-69,30
01:10.1, 8e276b,-70,30
01:10.1, 8e276b,-80,30
01:10.1, 8e276b,-72,30
01:10.5, 8e276b,-72,30
01:10.5, 8e276b,-75,30
01:10.7, 8e276b,-73,30
01:11.1, 8e276b,-72,30
01:11.1, 8e276b,-81,30
01:11.3, 8e276b,-79,30
01:11.7, 8e276b,-58,30
01:11.7, 8e276b,-63,30
01:11.7, 8e276b,-82,30
01:12.1, 8e276b,-65,30
01:12.1, 8e276b,-80,30
01:12.7, 8e276b,-78,30
01:12.7, 8e276b,-63,30
01:13.8, 827b65,-72,30
01:15.5, 827b65,-62,30
01:15.5, 827b65,-62,30
01:16.9, 827b65,-61,30
01:17.3, 827b65,-68,30
01:17.3, 827b65,-65,30
01:17.4, 827b65,-65,30
01:17.5, 827b65,-60,30
01:17.5, 827b65,-78,30
01:17.6, 827b65,-66,30
01:17.6, 827b65,-67,30
01:18.4, 827b65,-67,30
01:18.4, 827b65,-81,30
01:18.5, 827b65,-62,30
01:19.0, 827b65,-65,30
01:19.4, 827b65,-80,30
01:19.6, 827b65,-64,30
01:20.4, 827b65,-87,30
01:20.4, 827b65,-75,30
01:20.5, 827b65,-66,30
01:20.8, 827b65,-66,30
01:21.4, 827b65,-59,30
01:21.4, 827b65,-63,30
01:21.4, 827b65,-63,30
01:21.5, 827b65,-82,30
01:21.6, 827b65,-70,30
01:21.7, 827b65,-70,30
01:21.7, 827b65,-79,30
01:22.2, 827b65,-62,30
01:22.5, 827b65,-62,30
01:22.5, 827b65,-62,30
01:22.5, 827b65,-60,30
01:23.3, 827b65,-81,30
01:23.5, 827b65,-76,30
01:23.5, 827b65,-76,30
01:23.5, 827b65,-65,30
01:23.5, 827b65,-63,30
01:24.1, 827b65,-53,30
01:24.1, 827b65,-80,30
01:24.1, 827b65,-67,30
01:26.0, 349e4a,-73,30
01:26.0, 349e4a,-59,30
01:26.3, 349e4a,-74,30
01:26.3, 349e4a,-59,30
01:26.4, 349e4a,-62,30
01:26.4, 349e4a,-52,30
01:26.6, 349e4a,-63,30
01:27.4, 349e4a,-77,30
01:27.9, 349e4a,-74,30
01:28.4, 349e4a,-66,30
01:28.4, 349e4a,-68,30
01:28.5, 349e4a,-72,30
01:28.7, 349e4a,-72,30
01:28.7, 349e4a,-72,30
01:28.7, 349e4a,-72,30
01:28.7, 349e4a,-74,30
01:28.8, 349e4a,-66,30
01:28.8, 349e4a,-78,30
01:28.8, 349e4a,-77,30
01:28.9, 349e4a,-69,30
01:28.9, 349e4a,-72,30
01:29.1, 349e4a,-65,30
01:29.1, 349e4a,-63,30
01:29.1, 349e4a,-78,30
01:29.2, 349e4a,-77,30
01:31.0, 349e4a,-86,30
01:31.3, 349e4a,-79,30
01:31.3, 349e4a,-69,30
01:31.4, 349e4a,-75,30
01:31.4, 349e4a,-73,30
01:31.4, 349e4a,-86,30
01:32.0, 349e4a,-72,30
01:32.0, 349e4a,-75,30
01:33.4, 349e4a,-47,30
01:33.4, 349e4a,-81,30
01:33.4, 349e4a,-81,30
00:00.5, 827b65,-67,40
00:00.6, 827b65,-65,40
00:00.8, 827b65,-65,40
00:01.3, 827b65,-67,40
00:01.5, 827b65,-66,40
00:02.5, 349e4a,-55,40
00:02.5, 349e4a,-72,40
00:03.4, 349e4a,-74,40
00:04.1, 349e4a,-73,40
00:04.5, 349e4a,-66,40
00:04.5, 349e4a,-64,40
00:04.6, 349e4a,-70,40
00:04.9, 349e4a,-74,40
00:04.9, 349e4a,-67,40
00:04.9, 349e4a,-68,40
00:05.0, 349e4a,-65,40
00:05.1, 349e4a,-69,40
00:05.1, 349e4a,-69,40
00:05.6, 349e4a,-63,40
00:05.6, 349e4a,-71,40
00:06.8, 349e4a,-72,40
00:07.0, 349e4a,-72,40
00:07.5, 2a2e8e,-81,40
00:07.8, 349e4a,-65,40
00:07.8, 349e4a,-64,40
00:07.8, 349e4a,-49,40
00:08.0, 349e4a,-74,40
00:08.5, 349e4a,-62,40
00:08.5, 349e4a,-70,40
00:08.5, 349e4a,-71,40
00:09.1, 349e4a,-70,40
00:09.1, 349e4a,-56,40
00:09.5, 349e4a,-71,40
00:09.7, 349e4a,-71,40
00:10.1, 349e4a,-70,40
00:10.1, 349e4a,-72,40
00:10.1, 349e4a,-72,40
00:10.3, 349e4a,-71,40
00:10.3, 349e4a,-70,40
00:10.6, 349e4a,-67,40
00:10.6, 349e4a,-45,40
00:11.0, 349e4a,-75,40
00:11.9, 349e4a,-68,40
00:12.0, 349e4a,-63,40
00:12.3, 349e4a,-73,40
00:12.3, 349e4a,-50,40
00:13.2, 349e4a,-67,40
00:13.3, 349e4a,-70,40
00:13.3, a8390e,-10,40
00:13.4, 349e4a,-70,40
00:13.8, a8390e,-64,40
00:14.0, a8390e,-65,40
00:14.2, a8390e,-67,40
00:14.2, a8390e,-63,40
00:14.4, a8390e,-65,40
00:14.9, a8390e,-70,40
00:14.9, a8390e,-75,40
00:15.0, a8390e,-71,40
00:16.2, a8390e,-68,40
00:16.2, a8390e,-68,40
00:16.2, a8390e,-62,40
00:16.4, a8390e,-68,40
00:16.4, a8390e,-68,40
00:17.1, a8390e,-55,40
00:17.1, a8390e,-68,40
00:17.3, a8390e,-67,40
00:17.3, a8390e,-66,40
00:17.8, a8390e,-72,40
00:18.0, a8390e,-73,40
00:19.1, a8390e,-76,40
00:19.1, a8390e,-75,40
00:19.3, a8390e,-74,40
00:19.3, a8390e,-72,40
00:19.3, a8390e,-69,40
00:19.3, a8390e,-70,40
00:19.5, a8390e,-73,40
00:19.6, a8390e,-77,40
00:19.9, a8390e,-68,40
00:20.0, a8390e,-67,40
00:21.0, a8390e,-67,40
00:21.1, a8390e,-70,40
00:22.0, a8390e,-69,40
00:22.0, a8390e,-70,40
00:22.0, a8390e,-67,40
00:22.0, a8390e,-50,40
00:22.2, a8390e,-72,40
00:22.7, a8390e,-72,40
00:22.8, a8390e,-65,40
00:22.8, a8390e,-67,40
00:23.0, a8390e,-66,40
00:23.0, a8390e,-65,40
00:24.4, 8e276b,-72,40
00:24.4, 8e276b,-72,40
00:24.4, 8e276b,-72,40
00:25.2, 8e276b,-66,40
00:25.6, 8e276b,-66,40
00:25.6, 8e276b,-72,40
00:25.6, 8e276b,-75,40
00:26.4, 8e276b,-66,40
00:26.6, 8e276b,-65,40
00:26.7, 8e276b,-63,40
00:27.0, 8e276b,-70,40
00:27.2, 8e276b,-70,40
00:28.7, 8e276b,-72,40
00:28.9, 8e276b,-64,40
00:28.9, 8e276b,-57,40
00:28.9, 8e276b,-63,40
00:29.1, 8e276b,-72,40
00:29.3, 8e276b,-72,40
00:29.9, 8e276b,-66,40
00:30.1, 8e276b,-70,40
00:30.1, 8e276b,-70,40
00:30.1, 8e276b,-62,40
00:30.6, 8e276b,-73,40
00:31.0, 8e276b,-72,40
00:31.0, 8e276b,-71,40
00:32.0, 8e276b,-66,40
00:32.2, 8e276b,-66,40
00:34.0, 8e276b,-72,40
00:34.1, 8e276b,-69,40
00:34.1, 8e276b,-71,40
00:35.3, 827b65,-67,40
00:35.6, 827b65,-68,40
00:35.6, 827b65,-72,40
00:36.4, 827b65,-68,40
00:36.4, 827b65,-67,40
00:37.2, 827b65,-64,40
00:37.3, 827b65,-75,40
00:38.3, 827b65,-63,40
00:38.4, 827b65,-70,40
00:38.5, 827b65,-68,40
00:39.1, 827b65,-69,40
00:39.1, 827b65,-70,40
00:39.3, 827b65,-67,40
00:39.3, 827b65,-67,40
00:39.3, 827b65,-72,40
00:39.9, 827b65,-64,40
00:39.9, 827b65,-73,40
00:40.1, 827b65,-62,40
00:40.1, 827b65,-64,40
00:40.1, 827b65,-66,40
00:40.1, 827b65,-45,40
00:41.4, 827b65,-69,40
00:41.5, 827b65,-64,40
00:41.6, 827b65,-64,40
00:42.2, 827b65,-72,40
00:42.2, 827b65,-72,40
00:42.3, 827b65,-58,40
00:42.4, 827b65,-57,40
00:42.4, 827b65,-58,40
00:42.4, 827b65,-68,40
00:42.4, 827b65,-72,40
00:42.8, 827b65,-72,40
00:42.8, 827b65,-69,40
00:43.0, 827b65,-67,40
00:43.0, 827b65,-74,40
00:43.2, 827b65,-66,40
00:43.2, 827b65,-65,40
00:43.4, 827b65,-65,40
00:43.4, 827b65,-67,40
00:43.4, 827b65,-72,40
00:44.2, 827b65,-67,40
00:44.3, 827b65,-73,40
00:44.4, 827b65,-67,40
00:45.3, 827b65,-69,40
00:45.3, 827b65,-70,40
00:45.3, 827b65,-71,40
00:46.1, 827b65,-63,40
00:46.2, 827b65,-67,40
00:46.4, 827b65,-72,40
00:47.0, 349e4a,-68,40
00:47.0, 349e4a,-42,40
00:47.1, 349e4a,-75,40
00:47.2, 349e4a,-63,40
00:47.3, 349e4a,-67,40
00:47.5, 349e4a,-66,40
00:47.6, 349e4a,-77,40
00:48.5, 349e4a,-72,40
00:48.6, 349e4a,-71,40
00:49.8, 349e4a,-72,40
00:49.8, 349e4a,-69,40
00:50.2, 349e4a,-73,40
00:50.4, 349e4a,-75,40
00:51.0, 349e4a,-68,40
00:51.8, 349e4a,-72,40
00:52.5, 349e4a,-73,40
00:52.9, 349e4a,-69,40
00:53.9, 349e4a,-66,40
00:54.1, 349e4a,-45,40
00:54.7, 349e4a,-69,40
00:54.7, 349e4a,-69,40
00:54.9, 349e4a,-70,40
00:55.1, 349e4a,-71,40
00:56.6, 349e4a,-69,40
00:56.7, 349e4a,-45,40
00:57.2, a8390e,-65,40
00:57.7, a8390e,-74,40
00:58.6, a8390e,-70,40
00:58.6, a8390e,-70,40
00:58.7, 6ec919,-80,40
00:58.8, a8390e,-70,40
00:58.8, a8390e,-65,40
00:59.6, a8390e,-41,40
00:59.6, a8390e,-65,40
00:59.7, a8390e,-67,40
00:59.7, a8390e,-69,40
01:00.0, a8390e,-66,40
01:00.0, a8390e,-68,40
01:00.1, a8390e,-52,40
01:00.1, a8390e,-65,40
01:00.2, a8390e,-60,40
01:00.6, a8390e,-70,40
01:00.6, a8390e,-73,40
01:00.6, a8390e,-70,40
01:00.8, a8390e,-61,40
01:01.6, a8390e,-73,40
01:01.7, a8390e,-76,40
01:01.8, a8390e,-64,40
01:01.8, a8390e,-69,40
01:02.9, a8390e,-63,40
01:04.1, a8390e,-74,40
01:04.1, a8390e,-74,40
01:04.3, a8390e,-75,40
01:04.3, a8390e,-74,40
01:04.3, a8390e,-67,40
01:05.2, a8390e,-70,40
01:05.2, a8390e,-70,40
01:05.4, a8390e,-68,40
01:05.4, a8390e,-10,40
01:05.7, a8390e,-66,40
01:05.8, a8390e,-69,40
01:06.4, a8390e,-67,40
01:06.4, a8390e,-59,40
01:06.4, a8390e,-67,40
01:06.4, a8390e,-67,40
01:06.6, a8390e,-67,40
01:06.6, a8390e,-68,40
01:07.0, a8390e,-66,40
01:07.6, a8390e,-74,40
01:08.4, 8e276b,-74,40
01:09.2, 8e276b,-56,40
01:09.4, 8e276b,-65,40
01:09.6, 8e276b,-68,40
01:09.6, 8e276b,-70,40
01:09.6, 8e276b,-69,40
01:10.1, 8e276b,-72,40
01:10.1, 8e276b,-70,40
01:10.5, 8e276b,-70,40
01:11.5, 8e276b,-76,40
01:11.5, 8e276b,-73,40
01:11.7, 8e276b,-72,40
01:11.8, 8e276b,-71,40
01:12.3, 8e276b,-66,40
01:12.3, 8e276b,-58,40
01:12.3, 8e276b,-58,40
01:12.5, 8e276b,-67,40
01:12.5, 8e276b,-67,40
01:13.1, 8e276b,-69,40
01:13.2, 8e276b,-68,40
01:14.2, 8e276b,-75,40
01:15.2, 8e276b,-68,40
01:15.2, 8e276b,-67,40
01:15.2, 8e276b,-53,40
01:15.6, 8e276b,-67,40
01:16.0, 8e276b,-63,40
01:16.2, 8e276b,-68,40
01:16.2, 8e276b,-64,40
01:16.5, 8e276b,-64,40
01:16.8, 8e276b,-71,40
01:17.3, 8e276b,-71,40
01:17.8, 8e276b,-65,40
01:17.8, 8e276b,-66,40
01:17.9, 8e276b,-64,40
01:18.3, 8e276b,-73,40
01:18.3, 8e276b,-73,40
01:18.7, 8e276b,-64,40
01:18.7, 8e276b,-67,40
01:19.1, 8e276b,-54,40
01:19.8, 827b65,-53,40
01:19.8, 827b65,-67,40
01:19.8, 827b65,-67,40
01:20.0, 827b65,-66,40
01:20.7, 827b65,-67,40
01:21.5, 827b65,-70,40
01:21.5, 827b65,-70,40
01:21.5, 827b65,-70,40
01:21.7, 827b65,-71,40
01:22.7, 827b65,-67,40
01:23.5, 827b65,-66,40
01:23.5, 827b65,-64,40
01:23.6, 827b65,-74,40
01:23.7, 827b65,-66,40
01:25.1, 827b65,-67,40
01:25.1, 827b65,-64,40
01:25.2, 827b65,-71,40
01:25.6, 827b65,-72,40
01:26.0, 827b65,-65,40
01:26.0, 827b65,-66,40
01:26.0, 827b65,-59,40
01:26.6, 827b65,-65,40
01:26.6, 827b65,-64,40
01:26.7, 827b65,-72,40
01:26.8, 827b65,-65,40
01:27.7, 827b65,-67,40
01:28.0, 827b65,-70,40
01:28.7, 827b65,-72,40
01:28.9, 827b65,-58,40
01:28.9, 827b65,-66,40
01:29.4, 827b65,-64,40
01:29.5, 827b65,-56,40
01:29.5, 827b65,-74,40
01:29.7, 827b65,-67,40
01:29.7, 827b65,-75,40
01:29.8, 827b65,-75,40
01:31.8, 349e4a,-72,40
01:33.0, 349e4a,-75,40
01:33.1, 349e4a,-67,40
01:33.9, 349e4a,-74,40
01:34.3, 349e4a,-54,40
01:34.6, 349e4a,-67,40
00:00.9, 827b65,-72,50
00:01.4, 827b65,-69,50
00:02.0, 827b65,-70,50
00:02.3, 827b65,-69,50
00:02.9, 827b65,-68,50
00:02.9, 827b65,-55,50
00:02.9, 827b65,-52,50
00:02.9, 827b65,-70,50
00:03.4, 827b65,-65,50
00:03.7, 827b65,-70,50
00:03.8, 827b65,-73,50
00:03.9, 827b65,-70,50
00:04.6, 349e4a,-71,50
00:05.6, 349e4a,-71,50
00:06.0, 349e4a,-72,50
00:08.1, 349e4a,-72,50
00:08.1, 349e4a,-71,50
00:09.1, 349e4a,-70,50
00:09.1, 349e4a,-72,50
00:09.1, 349e4a,-74,50
00:10.9, 349e4a,-72,50
00:11.1, 349e4a,-66,50
00:11.3, 349e4a,-71,50
00:11.3, 349e4a,-66,50
00:11.6, 349e4a,-71,50
00:11.6, 349e4a,-54,50
00:12.4, 349e4a,-71,50
00:12.6, 349e4a,-72,50
00:13.5, 349e4a,-72,50
00:13.7, 349e4a,-74,50
00:13.9, 349e4a,-65,50
00:14.1, 349e4a,-69,50
00:14.1, 349e4a,-69,50
00:15.1, 349e4a,-64,50
00:15.8, a8390e,-72,50
00:15.9, a8390e,-58,50
00:16.5, a8390e,-71,50
00:16.8, a8390e,-70,50
00:17.0, a8390e,-70,50
00:18.5, a8390e,-72,50
00:18.7, a8390e,-63,50
00:18.7, a8390e,-70,50
00:18.9, a8390e,-72,50
00:20.2, a8390e,-71,50
00:20.4, a8390e,-71,50
00:20.4, a8390e,-68,50
00:21.1, a8390e,-72,50
00:22.2, a8390e,-74,50
00:22.2, a8390e,-71,50
00:22.4, a8390e,-72,50
00:22.4, a8390e,-16,50
00:22.5, a8390e,-72,50
00:22.6, a8390e,-77,50
00:23.1, a8390e,-70,50
00:23.1, a8390e,-72,50
00:23.3, a8390e,-71,50
00:23.3, a8390e,-71,50
00:23.7, a8390e,-68,50
00:23.7, a8390e,-72,50
00:23.7, a8390e,-72,50
00:23.7, a8390e,-72,50
00:24.6, a8390e,-75,50
00:25.3, a8390e,-60,50
00:25.3, a8390e,-58,50
00:27.5, 8e276b,-72,50
00:27.5, 8e276b,-73,50
00:27.9, 8e276b,-73,50
00:28.4, 8e276b,-77,50
00:28.5, 8e276b,-72,50
00:28.5, 8e276b,-72,50
00:28.9, 8e276b,-72,50
00:28.9, 8e276b,-72,50
00:33.3, 8e276b,-72,50
00:34.1, 8e276b,-76,50
00:35.3, 8e276b,-36,50
00:35.3, 8e276b,-72,50
00:36.1, 8e276b,-68,50
00:36.6, 8e276b,-72,50
00:36.6, 8e276b,-72,50
00:38.7, 827b65,-72,50
00:38.7, 827b65,-72,50
00:39.3, 827b65,-72,50
00:39.3, 827b65,-74,50
00:39.5, 827b65,-28,50
00:39.5, 827b65,-70,50
00:39.7, 827b65,-42,50
00:39.7, 827b65,-71,50
00:40.2, 827b65,-72,50
00:40.3, 827b65,-71,50
00:40.3, 827b65,-68,50
00:40.3, 827b65,-72,50
00:40.8, 827b65,-71,50
00:41.0, 827b65,-71,50
00:41.5, 827b65,-72,50
00:41.8, 827b65,-71,50
00:42.4, 827b65,-72,50
00:42.4, 827b65,-72,50
00:42.6, 827b65,-72,50
00:43.6, 827b65,-70,50
00:43.6, 827b65,-72,50
00:43.9, 827b65,-72,50
00:44.5, 827b65,-73,50
00:45.3, 827b65,-71,50
00:45.3, 827b65,-67,50
00:45.5, 827b65,-72,50
00:46.1, 827b65,-75,50
00:46.5, 827b65,-71,50
00:46.5, 827b65,-77,50
00:46.7, 827b65,-72,50
00:46.7, 827b65,-70,50
00:47.3, 827b65,-72,50
00:47.4, 827b65,-71,50
00:47.4, 827b65,-71,50
00:47.5, 827b65,-72,50
00:47.5, 827b65,-72,50
00:47.6, 827b65,-72,50
00:48.3, 827b65,-73,50
00:49.4, 349e4a,-74,50
00:50.1, 349e4a,-72,50
00:50.5, 349e4a,-77,50
00:50.5, 349e4a,-74,50
00:50.6, 349e4a,-75,50
00:51.2, 349e4a,-72,50
00:51.5, 349e4a,-57,50
00:52.5, 349e4a,-76,50
00:52.9, 349e4a,-76,50
00:52.9, 349e4a,-74,50
00:53.4, 349e4a,-72,50
00:53.4, 349e4a,-72,50
00:53.6, 349e4a,-70,50
00:53.8, 349e4a,-73,50
00:53.9, 349e4a,-71,50
00:55.4, 349e4a,-75,50
00:55.4, 349e4a,-73,50
00:55.6, 349e4a,-72,50
00:55.8, 349e4a,-72,50
00:56.0, 349e4a,-75,50
00:56.0, 349e4a,-72,50
00:56.5, 349e4a,-70,50
00:57.0, 349e4a,-40,50
00:57.0, 349e4a,-72,50
00:57.0, 349e4a,-72,50
00:57.0, 349e4a,-72,50
00:57.0, 349e4a,-76,50
00:58.3, 349e4a,-52,50
00:59.5, 349e4a,-28,50
00:59.5, 349e4a,-73,50
00:59.6, 349e4a,-75,50
01:00.3, a8390e,-72,50
01:01.7, a8390e,-70,50
01:01.7, a8390e,-65,50
01:01.7, a8390e,-72,50
01:01.8, a8390e,-72,50
01:01.9, a8390e,-29,50
01:02.8, a8390e,-71,50
01:03.0, a8390e,-69,50
01:03.2, a8390e,-53,50
01:03.2, a8390e,-72,50
01:03.2, a8390e,-70,50
01:04.1, a8390e,-74,50
01:04.1, a8390e,-73,50
01:04.8, a8390e,-72,50
01:04.8, a8390e,-72,50
01:05.4, a8390e,-16,50
01:05.4, a8390e,-71,50
01:05.9, a8390e,-69,50
01:05.9, a8390e,-28,50
01:06.9, a8390e,-71,50
01:06.9, a8390e,-71,50
01:07.0, a8390e,-72,50
01:07.0, a8390e,-59,50
01:07.1, a8390e,-67,50
01:07.2, a8390e,-75,50
01:07.2, a8390e,-70,50
01:07.8, a8390e,-75,50
01:08.1, a8390e,-72,50
01:08.1, a8390e,-76,50
01:08.3, a8390e,-75,50
01:08.5, a8390e,-72,50
01:08.5, a8390e,-70,50
01:09.1, a8390e,-78,50
01:09.6, a8390e,-68,50
01:10.2, a8390e,-68,50
01:10.7, a8390e,-75,50
01:11.3, 8e276b,-70,50
01:11.3, 8e276b,-69,50
01:11.7, 8e276b,-70,50
01:11.8, 8e276b,-73,50
01:13.2, 8e276b,-70,50
01:13.2, 8e276b,-71,50
01:13.2, 8e276b,-72,50
01:14.4, 8e276b,-51,50
01:14.4, 8e276b,-70,50
01:14.4, 8e276b,-72,50
01:15.2, 8e276b,-70,50
01:15.2, 8e276b,-71,50
01:15.2, 8e276b,-70,50
01:15.2, 8e276b,-46,50
01:15.5, 8e276b,-74,50
01:15.6, 8e276b,-72,50
01:16.3, 8e276b,-70,50
01:16.9, 8e276b,-75,50
01:17.3, 8e276b,-73,50
01:17.9, 8e276b,-71,50
01:18.3, 8e276b,-68,50
01:18.3, 8e276b,-71,50
01:18.3, 8e276b,-70,50
01:18.3, 8e276b,-64,50
01:18.4, 8e276b,-74,50
01:18.7, 8e276b,-70,50
01:18.7, 8e276b,-68,50
01:19.8, 8e276b,-65,50
01:19.8, 8e276b,-72,50
01:19.8, 8e276b,-72,50
01:20.4, 8e276b,-72,50
01:20.9, 8e276b,-71,50
01:21.0, 8e276b,-68,50
01:21.0, 8e276b,-72,50
01:21.0, 8e276b,-74,50
01:21.4, 8e276b,-70,50
01:21.4, 8e276b,-68,50
01:21.4, 8e276b,-70,50
01:21.5, 8e276b,-76,50
01:21.8, 8e276b,-70,50
01:21.8, 8e276b,-70,50
01:22.9, 827b65,-71,50
01:22.9, 827b65,-71,50
01:23.1, 827b65,-71,50
01:23.1, 827b65,-68,50
01:23.2, 827b65,-73,50
01:23.2, 827b65,-72,50
01:24.0, 827b65,-52,50
01:25.0, 827b65,-62,50
01:25.0, 827b65,-72,50
01:25.2, 827b65,-66,50
01:25.2, 827b65,-70,50
01:25.7, 827b65,-72,50
01:25.9, 827b65,-74,50
01:26.1, 827b65,-74,50
01:26.1, 827b65,-75,50
01:26.2, 827b65,-70,50
01:26.2, 827b65,-71,50
01:27.0, 827b65,-71,50
01:27.1, 827b65,-72,50
01:28.1, 827b65,-69,50
01:28.1, 827b65,-70,50
01:28.1, 827b65,-74,50
01:28.9, 827b65,-70,50
01:29.1, 827b65,-75,50
01:29.1, 827b65,-68,50
01:29.7, 827b65,-70,50
01:29.9, 827b65,-71,50
01:29.9, 827b65,-72,50
01:30.5, 827b65,-67,50
01:31.1, 827b65,-68,50
01:31.2, 827b65,-72,50
01:31.2, 827b65,-72,50
01:31.3, 827b65,-71,50
01:31.4, 827b65,-72,50
01:32.0, 827b65,-70,50
01:32.6, 827b65,-72,50
01:32.6, 827b65,-71,50
01:32.6, 827b65,-70,50
01:32.6, 827b65,-73,50
01:32.8, 827b65,-68,50
01:32.8, 827b65,-66,50
01:33.7, 827b65,-52,50
01:33.9, 349e4a,-70,50
01:34.7, 349e4a,-74,50
00:01.3, 827b65,-72,60
00:01.9, 827b65,-51,60
00:01.9, 827b65,-37,60
00:02.3, 827b65,-72,60
00:02.5, 827b65,-75,60
00:02.5, 827b65,-71,60
00:02.6, 827b65,-52,60
00:02.6, 827b65,-77,60
00:03.5, 827b65,-72,60
00:03.7, 827b65,-72,60
00:04.0, 827b65,-73,60
00:04.0, 827b65,-72,60
00:04.4, 827b65,-71,60
00:05.4, 827b65,-73,60
00:05.6, 827b65,-70,60
00:06.4, 827b65,-68,60
00:06.4, 827b65,-72,60
00:06.5, 827b65,-74,60
00:06.9, 827b65,-70,60
00:07.0, 827b65,-66,60
00:08.1, 827b65,-72,60
00:08.5, 827b65,-52,60
00:09.1, 827b65,-67,60
00:09.3, 827b65,-31,60
00:10.0, 827b65,-75,60
00:10.8, 349e4a,-75,60
00:11.4, 349e4a,-72,60
00:11.4, 349e4a,-73,60
00:11.6, 349e4a,-74,60
00:11.6, 349e4a,-71,60
00:11.8, 349e4a,-71,60
00:13.7, 349e4a,-74,60
00:13.9, 349e4a,-72,60
00:13.9, 349e4a,-72,60
00:13.9, 349e4a,-76,60
00:13.9, 349e4a,-72,60
00:13.9, 349e4a,-72,60
00:14.3, 349e4a,-73,60
00:14.3, 349e4a,-10,60
00:15.3, 349e4a,-70,60
00:16.1, 349e4a,-75,60
00:16.1, 349e4a,-75,60
00:16.3, 349e4a,-73,60
00:16.4, 349e4a,-75,60
00:16.5, 349e4a,-76,60
00:16.8, 349e4a,-76,60
00:18.2, 349e4a,-73,60
00:18.4, 349e4a,-72,60
00:18.4, 349e4a,-56,60
00:18.4, 349e4a,-74,60
00:18.5, 349e4a,-72,60
00:19.0, 349e4a,-76,60
00:20.3, 349e4a,-78,60
00:20.7, 349e4a,-73,60
00:21.0, 349e4a,-10,60
00:21.1, 349e4a,-55,60
00:21.1, 349e4a,-73,60
00:21.1, 349e4a,-70,60
00:22.2, a8390e,-73,60
00:22.5, a8390e,-72,60
00:22.5, a8390e,-67,60
00:22.5, a8390e,-72,60
00:22.7, a8390e,-72,60
00:22.7, a8390e,-70,60
00:23.3, a8390e,-70,60
00:23.3, a8390e,-73,60
00:24.1, a8390e,-71,60
00:24.9, a8390e,-77,60
00:25.4, a8390e,-76,60
00:25.4, a8390e,-72,60
00:26.6, a8390e,-66,60
00:27.7, a8390e,-74,60
00:27.8, a8390e,-75,60
00:27.9, a8390e,-76,60
00:28.0, a8390e,-74,60
00:28.6, a8390e,-74,60
00:28.8, a8390e,-75,60
00:29.0, a8390e,-75,60
00:29.3, a8390e,-72,60
00:29.5, a8390e,-71,60
00:29.9, a8390e,-21,60
00:30.1, a8390e,-72,60
00:30.1, a8390e,-70,60
00:30.7, a8390e,-72,60
00:30.7, a8390e,-71,60
00:31.9, a8390e,-74,60
00:31.9, a8390e,-76,60
00:32.1, a8390e,-73,60
00:34.3, 8e276b,-73,60
00:34.8, 8e276b,-70,60
00:35.4, 8e276b,-77,60
00:35.6, 8e276b,-69,60
00:35.6, 8e276b,-70,60
00:36.0, 8e276b,-73,60
00:36.0, 8e276b,-72,60
00:36.4, 8e276b,-75,60
00:36.4, 8e276b,-74,60
00:37.8, 8e276b,-74,60
00:39.0, 8e276b,-53,60
00:39.0, 8e276b,-71,60
00:39.1, 8e276b,-73,60
00:39.5, 8e276b,-70,60
00:40.3, 8e276b,-72,60
00:40.3, 8e276b,-53,60
00:40.3, 8e276b,-72,60
00:40.9, 8e276b,-74,60
00:40.9, 8e276b,-73,60
00:41.8, 8e276b,-77,60
00:42.1, 8e276b,-43,60
00:42.4, 8e276b,-72,60
00:42.6, 8e276b,-72,60
00:43.0, 8e276b,-72,60
00:43.0, 8e276b,-54,60
00:43.9, 827b65,-72,60
00:45.5, 827b65,-72,60
00:45.7, 827b65,-71,60
00:46.6, 1fa0c6,-54,60
00:47.0, 827b65,-75,60
00:47.6, 827b65,-70,60
00:47.6, 827b65,-70,60
00:47.6, 827b65,-51,60
00:47.8, 827b65,-71,60
00:47.8, 827b65,-71,60
00:48.6, 827b65,-72,60
00:48.8, 827b65,-71,60
00:49.8, 827b65,-73,60
00:49.8, 827b65,-73,60
00:50.5, 827b65,-73,60
00:50.5, 827b65,-72,60
00:50.5, 827b65,-72,60
00:50.7, 827b65,-71,60
00:51.7, 827b65,-71,60
00:52.3, 827b65,-71,60
00:52.4, 827b65,-39,60
00:52.7, 827b65,-73,60
00:52.8, 827b65,-73,60
00:52.9, 827b65,-72,60
00:52.9, 827b65,-73,60
00:53.6, 827b65,-71,60
00:53.6, 827b65,-73,60
00:53.8, 827b65,-38,60
00:56.0, 349e4a,-73,60
00:56.5, 349e4a,-74,60
00:56.7, 349e4a,-70,60
01:01.0, 349e4a,-73,60
01:01.2, 349e4a,-75,60
01:01.2, 349e4a,-71,60
01:01.6, 349e4a,-73,60
01:02.2, 349e4a,-73,60
01:02.9, 349e4a,-73,60
01:03.1, 349e4a,-72,60
01:05.1, 349e4a,-75,60
01:05.8, 1c1e4b,-52,60
01:06.3, a8390e,-72,60
01:06.9, a8390e,-72,60
01:07.5, a8390e,-73,60
01:08.1, a8390e,-80,60
01:09.4, a8390e,-70,60
01:09.4, a8390e,-71,60
01:09.6, a8390e,-72,60
01:09.6, a8390e,-70,60
01:09.6, a8390e,-72,60
01:10.1, a8390e,-72,60
01:12.5, a8390e,-10,60
01:12.5, a8390e,-71,60
01:13.3, a8390e,-72,60
01:14.7, a8390e,-70,60
01:14.7, a8390e,-72,60
01:15.3, a8390e,-72,60
01:15.4, a8390e,-75,60
01:16.2, a8390e,-51,60
01:16.2, a8390e,-72,60
01:16.2, a8390e,-16,60
01:18.4, 8e276b,-74,60
01:18.5, 8e276b,-73,60
01:18.6, 8e276b,-71,60
01:18.7, 8e276b,-72,60
01:23.1, 8e276b,-74,60
01:24.7, 8e276b,-72,60
01:24.8, 8e276b,-74,60
01:25.1, 8e276b,-73,60
01:25.1, 8e276b,-74,60
01:25.1, 8e276b,-70,60
01:25.3, 8e276b,-72,60
01:25.3, 8e276b,-70,60
01:28.3, 827b65,-71,60
01:29.3, 827b65,-73,60
01:30.0, 827b65,-71,60
01:30.0, 827b65,-73,60
01:30.2, 827b65,-71,60
01:31.4, 827b65,-71,60
01:31.4, 827b65,-75,60
01:31.4, 827b65,-72,60
01:32.2, 827b65,-72,60
01:32.2, 827b65,-72,60
00:05.9, 827b65,-73,70
00:05.9, 827b65,-72,70
00:06.1, 827b65,-73,70
00:06.1, 827b65,-75,70
00:06.7, 827b65,-75,70
00:06.8, 827b65,-72,70
00:08.0, 827b65,-72,70
00:08.0, 827b65,-45,70
00:08.9, 827b65,-56,70
00:09.8, 827b65,-76,70
00:10.0, 827b65,-72,70
00:11.1, 827b65,-73,70
00:11.1, 827b65,-75,70
00:11.2, 827b65,-72,70
00:11.3, 827b65,-74,70
00:12.7, 827b65,-72,70
00:12.7, 827b65,-75,70
00:12.9, 827b65,-73,70
00:13.1, 827b65,-73,70
00:13.3, 827b65,-71,70
00:13.9, 827b65,-72,70
00:13.9, 827b65,-72,70
00:14.0, 827b65,-57,70
00:14.1, 827b65,-72,70
00:14.2, 827b65,-57,70
00:14.8, 827b65,-74,70
00:15.0, 827b65,-72,70
00:15.6, 827b65,-73,70
00:16.0, 349e4a,-73,70
00:16.0, 349e4a,-72,70
00:16.2, 349e4a,-72,70
00:18.1, 349e4a,-71,70
00:18.3, 349e4a,-73,70
00:18.3, 349e4a,-78,70
00:19.1, 349e4a,-72,70
00:20.1, 349e4a,-71,70
00:21.7, 349e4a,-73,70
00:24.2, 349e4a,-73,70
00:24.4, 349e4a,-72,70
00:26.9, 349e4a,-76,70
00:27.3, a8390e,-76,70
00:27.8, a8390e,-76,70
00:28.5, a8390e,-76,70
00:28.9, a8390e,-73,70
00:31.8, e063fc,-78,70
00:32.9, a8390e,-74,70
00:33.5, a8390e,-75,70
00:34.2, a8390e,-75,70
00:34.2, a8390e,-74,70
00:40.8, 8e276b,-77,70
00:43.9, 8e276b,-69,70
00:45.5, 8e276b,-52,70
00:58.9, 827b65,-76,70
01:02.1, 349e4a,-75,70
01:08.1, 349e4a,-73,70
01:20.0, a8390e,-76,70
01:31.6, 8e276b,-74,70