Tiempo; LAP; Signal; Distancia
00:00:02.368; 349e4a;-62;0
00:00:02.888; 349e4a;-62;0
00:00:02.900; 349e4a;-62;0
00:00:02.913; 349e4a;-62;0
00:00:03.540; 349e4a;-61;0
00:00:03.587; 349e4a;-53;0
00:00:03.917; 349e4a;-60;0
00:00:04.274; 349e4a;-50;0
00:00:04.287; 349e4a;-51;0
00:00:04.719; 349e4a;-54;0
00:00:04.740; 349e4a;-53;0
00:00:04.975; 349e4a;-60;0
00:00:05.436; 349e4a;-64;0
00:00:05.451; 349e4a;-60;0
00:00:05.594; 349e4a;-64;0
00:00:05.985; 349e4a;-56;0
00:00:05.996; 349e4a;-58;0
00:00:06.509; 349e4a;-61;0
00:00:06.632; 349e4a;-57;0
00:00:07.404; a8390e;-69;0
00:00:07.620; a8390e;-76;0
00:00:08.043; a8390e;-74;0
00:00:08.176; a8390e;-70;0
00:00:08.684; a8390e;-43;0
00:00:09.477; a8390e;-53;0
00:00:09.656; a8390e;-52;0
00:00:09.861; a8390e;-61;0
00:00:10.259; a8390e;-70;0
00:00:10.289; a8390e;-70;0
00:00:10.304; a8390e;-70;0
00:00:10.731; a8390e;-58;0
00:00:10.794; a8390e;-77;0
00:00:10.942; a8390e;-62;0
00:00:10.955; a8390e;-58;0
00:00:11.030; a8390e;-61;0
00:00:11.250; a8390e;-58;0
00:00:11.257; a8390e;-59;0
00:00:11.263; a8390e;-59;0
00:00:11.695; a8390e;-68;0
00:00:11.706; a8390e;-66;0
00:00:11.719; a8390e;-68;0
00:00:11.894; a8390e;-64;0
00:00:11.944; a8390e;-57;0
00:00:12.067; a8390e;-63;0
00:00:12.077; a8390e;-63;0
00:00:12.326; a8390e;-62;0
00:00:12.349; a8390e;-55;0
00:00:13.154; a8390e;-52;0
00:00:13.171; a8390e;-53;0
00:00:13.234; a8390e;-55;0
00:00:13.339; a8390e;-70;0
00:00:13.947; a8390e;-75;0
00:00:13.995; a8390e;-54;0
00:00:14.019; a8390e;-56;0
00:00:14.219; a8390e;-57;0
00:00:14.235; a8390e;-58;0
00:00:14.273; a8390e;-55;0
00:00:14.345; a8390e;-69;0
00:00:14.739; a8390e;-61;0
00:00:14.751; a8390e;-62;0
00:00:15.224; a8390e;-54;0
00:00:15.267; a8390e;-55;0
00:00:15.375; a8390e;-54;0
00:00:15.410; a8390e;-54;0
00:00:15.570; a8390e;-64;0
00:00:15.834; a8390e;-55;0
00:00:16.086; a8390e;-54;0
00:00:16.217; a8390e;-56;0
00:00:16.853; a8390e;-60;0
00:00:16.889; a8390e;-57;0
00:00:17.034; a8390e;-57;0
00:00:17.054; a8390e;-58;0
00:00:17.083; a8390e;-54;0
00:00:17.595; a8390e;-59;0
00:00:18.902; 8e276b;-60;0
00:00:18.916; 8e276b;-60;0
00:00:18.930; 8e276b;-59;0
00:00:19.263; 8e276b;-64;0
00:00:19.285; 8e276b;-63;0
00:00:19.297; 8e276b;-61;0
00:00:20.464; 8e276b;-77;0
00:00:22.364; 8e276b;-57;0
00:00:22.377; 8e276b;-57;0
00:00:22.635; 8e276b;-56;0
00:00:22.739; 8e276b;-58;0
00:00:22.866; 8e276b;-64;0
00:00:23.154; 8e276b;-60;0
00:00:23.167; 8e276b;-62;0
00:00:23.194; 8e276b;-61;0
00:00:23.209; 8e276b;-58;0
00:00:23.571; 8e276b;-52;0
00:00:24.457; 8e276b;-72;0
00:00:24.469; 8e276b;-73;0
00:00:24.839; 8e276b;-65;0
00:00:24.852; 8e276b;-65;0
00:00:25.100; 8e276b;-52;0
00:00:25.375; 8e276b;-53;0
00:00:25.406; 8e276b;-52;0
00:00:25.426; 8e276b;-51;0
00:00:25.824; 8e276b;-44;0
00:00:25.850; 8e276b;-61;0
00:00:26.364; 8e276b;-61;0
00:00:26.659; 8e276b;-57;0
00:00:27.333; 8e276b;-58;0
00:00:27.438; 8e276b;-71;0
00:00:28.074; 8e276b;-58;0
00:00:28.361; 8e276b;-60;0
00:00:28.361; 8e276b;-58;0
00:00:28.572; 8e276b;-50;0
00:00:28.583; 8e276b;-50;0
00:00:28.602; 8e276b;-57;0
00:00:30.021; 827b65;-52;0
00:00:30.031; 827b65;-52;0
00:00:30.043; 827b65;-57;0
00:00:30.078; 827b65;-58;0
00:00:30.571; 827b65;-52;0
00:00:30.694; 827b65;-50;0
00:00:30.853; 827b65;-55;0
00:00:30.896; 827b65;-56;0
00:00:30.925; 827b65;-54;0
00:00:31.065; 827b65;-55;0
00:00:31.205; 827b65;-65;0
00:00:31.478; 827b65;-65;0
00:00:31.579; 827b65;-65;0
00:00:31.789; 827b65;-58;0
00:00:31.904; 827b65;-50;0
00:00:32.521; 827b65;-50;0
00:00:32.647; 827b65;-59;0
00:00:32.997; 827b65;-57;0
00:00:33.006; 827b65;-55;0
00:00:33.148; 827b65;-43;0
00:00:33.170; 827b65;-58;0
00:00:33.195; 827b65;-59;0
00:00:33.755; 827b65;-53;0
00:00:33.808; 827b65;-62;0
00:00:34.062; 827b65;-62;0
00:00:34.728; 827b65;-64;0
00:00:34.765; 827b65;-61;0
00:00:34.801; 827b65;-65;0
00:00:34.813; 827b65;-65;0
00:00:35.982; 827b65;-52;0
00:00:36.361; 827b65;-54;0
00:00:36.684; 827b65;-67;0
00:00:36.828; 827b65;-57;0
00:00:36.839; 827b65;-57;0
00:00:36.880; 827b65;-64;0
00:00:36.905; 827b65;-65;0
00:00:37.657; 827b65;-61;0
00:00:37.689; 827b65;-57;0
00:00:38.051; 827b65;-63;0
00:00:38.063; 827b65;-60;0
00:00:38.085; 827b65;-57;0
00:00:39.114; 827b65;-61;0
00:00:39.137; 827b65;-62;0
00:00:39.897; 827b65;-54;0
00:00:39.961; 827b65;-58;0
00:00:41.358; 349e4a;-59;0
00:00:41.373; 349e4a;-57;0
00:00:41.576; 349e4a;-59;0
00:00:41.789; 349e4a;-60;0
00:00:41.891; 349e4a;-72;0
00:00:42.026; 349e4a;-74;0
00:00:42.440; 349e4a;-68;0
00:00:43.056; 349e4a;-61;0
00:00:43.098; 349e4a;-61;0
00:00:43.113; 349e4a;-55;0
00:00:43.234; 349e4a;-60;0
00:00:43.256; 349e4a;-62;0
00:00:43.432; 349e4a;-63;0
00:00:44.241; 349e4a;-56;0
00:00:44.253; 349e4a;-55;0
00:00:44.430; 349e4a;-56;0
00:00:44.482; 349e4a;-66;0
00:00:44.496; 349e4a;-66;0
00:00:44.993; 349e4a;-70;0
00:00:45.469; 349e4a;-61;0
00:00:45.481; 349e4a;-60;0
00:00:46.339; 349e4a;-60;0
00:00:46.396; 349e4a;-54;0
00:00:46.734; 349e4a;-59;0
00:00:46.746; 349e4a;-56;0
00:00:46.758; 349e4a;-56;0
00:00:46.993; 349e4a;-53;0
00:00:47.006; 349e4a;-52;0
00:00:47.369; 349e4a;-54;0
00:00:48.411; 349e4a;-58;0
00:00:48.569; 349e4a;-59;0
00:00:48.773; 349e4a;-58;0
00:00:48.786; 349e4a;-60;0
00:00:49.221; 349e4a;-62;0
00:00:49.237; 349e4a;-61;0
00:00:49.278; 349e4a;-66;0
00:00:49.292; 349e4a;-66;0
00:00:49.664; 349e4a;-58;0
00:00:49.678; 349e4a;-58;0
00:00:49.684; 349e4a;-57;0
00:00:49.806; 349e4a;-69;0
00:00:49.828; 349e4a;-69;0
00:00:49.851; 349e4a;-60;0
00:00:49.872; 349e4a;-60;0
00:00:50.803; 349e4a;-60;0
00:00:50.833; 349e4a;-68;0
00:00:50.858; 349e4a;-69;0
00:00:51.276; 349e4a;-72;0
00:00:51.816; a8390e;-74;0
00:00:51.988; a8390e;-71;0
00:00:52.246; a8390e;-63;0
00:00:52.659; a8390e;-75;0
00:00:53.056; a8390e;-64;0
00:00:53.442; a8390e;-62;0
00:00:53.681; a8390e;-72;0
00:00:53.907; a8390e;-72;0
00:00:54.062; a8390e;-64;0
00:00:54.070; a8390e;-64;0
00:00:54.272; a8390e;-64;0
00:00:54.654; a8390e;-59;0
00:00:55.319; a8390e;-62;0
00:00:55.505; a8390e;-63;0
00:00:56.371; a8390e;-59;0
00:00:56.393; a8390e;-60;0
00:00:56.570; a8390e;-62;0
00:00:56.594; a8390e;-61;0
00:00:57.534; a8390e;-64;0
00:00:57.557; a8390e;-63;0
00:00:57.570; a8390e;-61;0
00:00:57.735; a8390e;-63;0
00:00:57.989; a8390e;-61;0
00:00:58.261; a8390e;-69;0
00:00:58.582; a8390e;-62;0
00:00:58.595; a8390e;-63;0
00:00:59.229; a8390e;-58;0
00:00:59.240; a8390e;-62;0
00:00:59.250; a8390e;-60;0
00:00:59.270; a8390e;-67;0
00:01:00.956; a8390e;-74;0
00:01:01.972; a8390e;-62;0
00:01:02.045; a8390e;-62;0
00:01:02.063; a8390e;-60;0
00:01:02.075; a8390e;-56;0
00:01:02.299; a8390e;-65;0
00:01:03.255; 8e276b;-65;0
00:01:03.994; 8e276b;-76;0
00:01:04.296; 8e276b;-62;0
00:01:04.326; 8e276b;-60;0
00:01:04.407; 8e276b;-69;0
00:01:04.945; 8e276b;-64;0
00:01:04.959; 8e276b;-64;0
00:01:05.004; 8e276b;-62;0
00:01:05.326; 8e276b;-61;0
00:01:05.370; 8e276b;-67;0
00:01:05.496; 8e276b;-60;0
00:01:05.518; 8e276b;-58;0
00:01:05.555; 8e276b;-62;0
00:01:05.947; 8e276b;-62;0
00:01:05.960; 8e276b;-64;0
00:01:06.591; 8e276b;-64;0
00:01:06.603; 8e276b;-65;0
00:01:06.780; 8e276b;-58;0
00:01:06.814; 8e276b;-59;0
00:01:06.829; 8e276b;-66;0
00:01:07.041; 8e276b;-62;0
00:01:07.061; 8e276b;-62;0
00:01:07.220; 8e276b;-60;0
00:01:07.468; 8e276b;-65;0
00:01:07.582; 8e276b;-62;0
00:01:08.053; 8e276b;-59;0
00:01:08.066; 8e276b;-58;0
00:01:08.085; 8e276b;-56;0
00:01:08.214; 8e276b;-60;0
00:01:08.653; 8e276b;-60;0
00:01:09.146; 8e276b;-72;0
00:01:09.441; 8e276b;-60;0
00:01:09.463; 8e276b;-60;0
00:01:10.536; 8e276b;-59;0
00:01:10.564; 8e276b;-60;0
00:01:10.936; 8e276b;-60;0
00:01:11.334; 8e276b;-55;0
00:01:11.722; 8e276b;-63;0
00:01:11.762; 8e276b;-62;0
00:01:11.769; 8e276b;-58;0
00:01:12.174; 8e276b;-57;0
00:01:12.183; 8e276b;-63;0
00:01:12.537; 8e276b;-64;0
00:01:12.548; 8e276b;-62;0
00:01:12.581; 8e276b;-68;0
00:01:13.028; 8e276b;-64;0
00:01:13.350; 8e276b;-61;0
00:01:13.650; 827b65;-70;0
00:01:13.815; 827b65;-58;0
00:01:13.830; 8e276b;-66;0
00:01:13.909; 8e276b;-61;0
00:01:14.524; 827b65;-63;0
00:01:15.325; 827b65;-67;0
00:01:15.336; 827b65;-67;0
00:01:15.529; 827b65;-60;0
00:01:16.228; 827b65;-60;0
00:01:16.590; 827b65;-59;0
00:01:16.768; 827b65;-61;0
00:01:17.798; 827b65;-72;0
00:01:18.472; 827b65;-62;0
00:01:18.497; 827b65;-62;0
00:01:18.609; 827b65;-62;0
00:01:18.621; 827b65;-63;0
00:01:18.824; 827b65;-65;0
00:01:19.043; 827b65;-62;0
00:01:19.473; 827b65;-74;0
00:01:19.655; 827b65;-69;0
00:01:20.313; 827b65;-61;0
00:01:20.681; 827b65;-66;0
00:01:21.514; 827b65;-55;0
00:01:21.734; 827b65;-56;0
00:01:21.914; 827b65;-58;0
00:01:22.012; 827b65;-76;0
00:01:22.703; 827b65;-56;0
00:01:22.746; 827b65;-59;0
00:01:22.763; 827b65;-57;0
00:01:22.785; 827b65;-61;0
00:01:22.831; 827b65;-61;0
00:01:23.557; 827b65;-64;0
00:01:23.620; 827b65;-62;0
00:01:23.794; 827b65;-70;0
00:01:24.129; 349e4a;-62;0
00:01:24.140; 349e4a;-61;0
00:01:24.168; 349e4a;-58;0
00:01:24.256; 827b65;-70;0
00:01:24.603; 349e4a;-59;0
00:01:24.629; 349e4a;-59;0
00:01:24.813; 349e4a;-64;0
00:01:24.838; 349e4a;-64;0
00:01:24.851; 349e4a;-60;0
00:01:25.211; 349e4a;-58;0
00:01:25.231; 349e4a;-56;0
00:01:25.894; 349e4a;-54;0
00:01:26.041; 349e4a;-58;5
00:01:26.064; 349e4a;-57;5
00:01:26.093; 349e4a;-59;5
00:01:26.242; 349e4a;-57;5
00:01:26.255; 540ff0;-78;5
00:01:26.980; 349e4a;-56;5
00:01:27.087; 349e4a;-53;5
00:01:27.096; 349e4a;-55;5
00:01:27.237; 349e4a;-54;5
00:01:27.687; 349e4a;-58;5
00:01:27.726; 349e4a;-55;5
00:01:28.695; 349e4a;-55;5
00:01:28.707; 349e4a;-58;5
00:01:29.327; 349e4a;-50;5
00:01:29.341; 349e4a;-50;5
00:01:29.513; 349e4a;-52;5
00:01:29.812; 349e4a;-52;5
00:01:30.011; 349e4a;-55;5
00:01:30.109; 349e4a;-54;5
00:01:31.411; 349e4a;-64;5
00:01:31.420; 349e4a;-58;5
00:01:31.452; 349e4a;-58;5
00:01:31.814; 349e4a;-70;5
00:01:32.267; 349e4a;-74;5
00:01:32.282; 349e4a;-76;5
00:01:32.624; 349e4a;-61;5
00:01:33.612; 349e4a;-59;5
00:01:33.622; 349e4a;-61;5
00:01:33.634; 349e4a;-61;5
00:01:33.893; 349e4a;-59;5
00:01:33.904; 349e4a;-58;5
00:01:34.226; 349e4a;-65;5
00:01:34.250; 349e4a;-65;5
00:01:35.231; a8390e;-65;5
00:01:35.392; a8390e;-62;5
00:01:35.438; a8390e;-65;5
00:01:35.616; a8390e;-66;5
00:01:35.765; 39cf21;-80;5
00:01:36.046; 39cf21;-74;5
00:01:36.261; a8390e;-64;5
00:01:36.455; a8390e;-68;5
00:01:36.522; a8390e;-61;5
00:01:37.062; a8390e;-72;5
00:01:37.098; a8390e;-74;5
00:01:37.126; a8390e;-72;5
00:01:37.453; a8390e;-74;5
00:01:37.465; a8390e;-70;5
00:01:37.699; a8390e;-72;5
00:01:38.158; a8390e;-67;5
00:01:38.188; a8390e;-57;5
00:01:38.357; a8390e;-58;5
00:01:38.477; a8390e;-71;5
00:01:38.509; a8390e;-69;5
00:01:38.534; a8390e;-53;5
00:01:38.545; a8390e;-61;5
00:01:39.145; a8390e;-66;5
00:01:39.173; a8390e;-66;5
00:01:39.343; 39cf21;-76;5
00:01:40.282; a8390e;-57;5
00:01:40.414; a8390e;-71;5
00:01:40.568; a8390e;-76;5
00:01:40.980; a8390e;-57;5
00:01:41.186; a8390e;-66;5
00:01:41.384; a8390e;-64;5
00:01:41.397; a8390e;-62;5
00:01:41.434; a8390e;-64;5
00:01:41.499; a8390e;-56;5
00:01:41.960; a8390e;-64;5
00:01:42.017; a8390e;-57;5
00:01:42.232; a8390e;-57;5
00:01:42.254; a8390e;-69;5
00:01:43.257; a8390e;-67;5
00:01:43.287; a8390e;-68;5
00:01:43.425; a8390e;-73;5
00:01:43.451; a8390e;-73;5
00:01:44.006; a8390e;-71;5
00:01:44.030; a8390e;-71;5
00:01:44.043; a8390e;-71;5
00:01:44.268; a8390e;-66;5
00:01:44.297; a8390e;-67;5
00:01:44.324; a8390e;-63;5
00:01:44.910; a8390e;-59;5
00:01:44.922; a8390e;-59;5
00:01:44.972; a8390e;-65;5
00:01:45.901; 8e276b;-60;5
00:01:45.944; 8e276b;-60;5
00:01:45.955; 8e276b;-56;5
00:01:46.050; 8e276b;-65;5
00:01:46.059; 8e276b;-65;5
00:01:46.069; 8e276b;-66;5
00:01:46.355; 8e276b;-60;5
00:01:47.104; 8e276b;-68;5
00:01:47.145; 8e276b;-57;5
00:01:47.158; 8e276b;-54;5
00:01:47.512; 8e276b;-56;5
00:01:47.666; 8e276b;-73;5
00:01:48.692; 8e276b;-56;5
00:01:48.715; 8e276b;-63;5
00:01:48.789; 8e276b;-56;5
00:01:48.802; 8e276b;-58;5
00:01:48.814; 8e276b;-54;5
00:01:49.003; 8e276b;-59;5
00:01:49.016; 8e276b;-60;5
00:01:49.298; d8b240;-73;5
00:01:49.570; 8e276b;-54;5
00:01:49.582; 8e276b;-60;5
00:01:49.899; 8e276b;-60;5
00:01:49.911; 8e276b;-60;5
00:01:49.996; 8e276b;-60;5
00:01:50.001; 8e276b;-64;5
00:01:50.127; 8e276b;-60;5
00:01:50.282; 8e276b;-61;5
00:01:50.561; 8e276b;-65;5
00:01:51.032; 8e276b;-55;5
00:01:51.055; 8e276b;-66;5
00:01:51.833; 8e276b;-56;5
00:01:51.834; d8b240;-76;5
00:01:51.843; 8e276b;-54;5
00:01:52.635; d8b240;-72;5
00:01:52.651; d8b240;-73;5
00:01:52.734; 8e276b;-64;5
00:01:53.092; 8e276b;-68;5
00:01:53.309; 8e276b;-59;5
00:01:53.346; 8e276b;-59;5
00:01:53.726; 8e276b;-63;5
00:01:53.993; 8e276b;-62;5
00:01:54.092; 8e276b;-58;5
00:01:54.098; 8e276b;-66;5
00:01:54.111; 8e276b;-67;5
00:01:54.124; 8e276b;-67;5
00:01:54.811; 8e276b;-62;5
00:01:54.906; 8e276b;-57;5
00:01:54.949; 8e276b;-64;5
00:01:55.064; 8e276b;-62;5
00:01:55.360; 8e276b;-56;5
00:01:55.383; 8e276b;-57;5
00:01:55.522; ef9c21;-90;5
00:01:55.800; 8e276b;-58;5
00:01:56.475; 827b65;-57;5
00:01:56.490; 827b65;-58;5
00:01:56.512; 827b65;-56;5
00:01:56.520; 827b65;-60;5
00:01:56.533; 827b65;-64;5
00:01:56.894; 827b65;-69;5
00:01:56.942; 827b65;-57;5
00:01:57.136; 827b65;-54;5
00:01:57.279; 827b65;-59;5
00:01:57.289; 827b65;-62;5
00:01:57.436; 827b65;-56;5
00:01:57.464; 827b65;-57;5
00:01:57.499; 827b65;-63;5
00:01:58.139; 827b65;-75;5
00:01:58.267; 827b65;-60;5
00:01:59.132; 827b65;-74;5
00:01:59.315; 827b65;-60;5
00:01:59.346; 827b65;-62;5
00:01:59.372; 827b65;-64;5
00:01:59.536; 827b65;-53;5
00:02:00.564; 827b65;-64;5
00:02:01.756; 827b65;-62;5
00:02:02.340; 540ff0;-73;5
00:02:02.361; 540ff0;-73;5
00:02:02.435; 827b65;-60;5
00:02:02.450; 827b65;-60;5
00:02:02.463; 827b65;-61;5
00:02:03.267; 827b65;-68;5
00:02:04.918; 827b65;-63;5
00:02:05.511; 827b65;-60;5
00:02:05.583; 827b65;-63;5
00:02:05.605; 827b65;-63;5
00:02:06.151; 827b65;-61;5
00:02:06.374; 827b65;-61;5
00:02:06.421; 827b65;-59;5
00:02:06.925; 349e4a;-64;5
00:02:07.357; 349e4a;-73;5
00:02:07.373; 349e4a;-73;5
00:02:07.396; 349e4a;-71;5
00:02:07.573; 349e4a;-70;5
00:02:07.583; 349e4a;-73;5
00:02:08.661; 349e4a;-66;5
00:02:08.672; 349e4a;-63;5
00:02:09.035; 349e4a;-62;5
00:02:09.053; 349e4a;-64;5
00:02:09.065; 349e4a;-59;5
00:02:09.408; 349e4a;-61;5
00:02:09.449; 349e4a;-55;5
00:02:09.462; 349e4a;-61;5
00:02:09.801; 349e4a;-63;5
00:02:09.814; 349e4a;-63;5
00:02:09.825; 349e4a;-62;5
00:02:10.003; 349e4a;-64;5
00:02:10.107; 349e4a;-59;5
00:02:11.535; 349e4a;-58;5
00:02:11.547; 349e4a;-58;5
00:02:11.713; 349e4a;-63;5
00:02:12.570; 39cf21;-73;5
00:02:12.592; 349e4a;-57;5
00:02:12.941; 349e4a;-63;5
00:02:12.987; 349e4a;-59;5
00:02:13.001; 349e4a;-61;5
00:02:13.070; 349e4a;-64;5
00:02:13.537; 39cf21;-74;5
00:02:14.001; 349e4a;-58;5
00:02:14.027; 349e4a;-58;5
00:02:14.171; 349e4a;-71;5
00:02:14.200; 349e4a;-56;5
00:02:14.603; 349e4a;-70;5
00:02:15.266; 349e4a;-59;5
00:02:15.374; 349e4a;-64;5
00:02:15.541; 349e4a;-58;5
00:02:16.378; 349e4a;-58;5
00:02:16.394; 349e4a;-58;5
00:02:16.813; 349e4a;-58;5
00:02:16.880; 349e4a;-61;5
00:02:17.409; a8390e;-59;5
00:02:18.187; a8390e;-58;5
00:02:18.209; a8390e;-62;5
00:02:19.021; a8390e;-61;5
00:02:19.213; a8390e;-58;5
00:02:19.246; a8390e;-60;5
00:02:19.697; a8390e;-64;5
00:02:20.087; a8390e;-63;5
00:02:20.224; a8390e;-64;5
00:02:20.442; a8390e;-62;5
00:02:20.918; a8390e;-89;5
00:02:21.150; a8390e;-61;5
00:02:21.157; a8390e;-61;5
00:02:21.949; a8390e;-57;5
00:02:21.961; a8390e;-60;5
00:02:22.232; a8390e;-59;5
00:02:23.046; a8390e;-59;10
00:02:23.372; a8390e;-63;10
00:02:23.541; a8390e;-58;10
00:02:23.555; a8390e;-59;10
00:02:24.015; a8390e;-63;10
00:02:24.042; a8390e;-60;10
00:02:24.747; a8390e;-61;10
00:02:24.908; a8390e;-62;10
00:02:24.986; a8390e;-63;10
00:02:25.368; a8390e;-53;10
00:02:25.497; a8390e;-65;10
00:02:26.022; a8390e;-66;10
00:02:26.061; a8390e;-70;10
00:02:26.291; a8390e;-78;10
00:02:26.813; a8390e;-65;10
00:02:26.825; a8390e;-63;10
00:02:27.055; a8390e;-64;10
00:02:27.736; a8390e;-58;10
00:02:28.063; 8e276b;-56;10
00:02:28.096; 8e276b;-66;10
00:02:28.663; 8e276b;-66;10
00:02:28.678; 8e276b;-66;10
00:02:28.692; 8e276b;-66;10
00:02:28.727; 8e276b;-66;10
00:02:28.742; 8e276b;-67;10
00:02:28.875; 8e276b;-67;10
00:02:29.143; 8e276b;-68;10
00:02:29.598; 8e276b;-64;10
00:02:29.944; 8e276b;-62;10
00:02:30.106; 8e276b;-56;10
00:02:30.122; 8e276b;-68;10
00:02:30.136; 8e276b;-66;10
00:02:30.157; 8e276b;-68;10
00:02:30.169; 8e276b;-64;10
00:02:30.535; 8e276b;-64;10
00:02:30.548; 8e276b;-67;10
00:02:30.727; 8e276b;-55;10
00:02:31.574; 8e276b;-66;10
00:02:31.586; 8e276b;-66;10
00:02:31.821; 8e276b;-68;10
00:02:31.988; 8e276b;-70;10
00:02:32.387; 8e276b;-68;10
00:02:32.626; 8e276b;-72;10
00:02:32.640; 8e276b;-73;10
00:02:32.762; 8e276b;-67;10
00:02:32.774; 8e276b;-69;10
00:02:33.043; 8e276b;-77;10
00:02:33.766; 8e276b;-55;10
00:02:33.797; 8e276b;-60;10
00:02:33.803; 8e276b;-66;10
00:02:33.816; 8e276b;-66;10
00:02:33.827; 8e276b;-66;10
00:02:34.324; 8e276b;-67;10
00:02:34.600; 8e276b;-63;10
00:02:34.645; 8e276b;-56;10
00:02:34.667; 8e276b;-93;10
00:02:35.476; 8e276b;-70;10
00:02:35.511; 8e276b;-69;10
00:02:35.524; 8e276b;-70;10
00:02:35.875; 8e276b;-66;10
00:02:36.049; 8e276b;-63;10
00:02:36.070; 8e276b;-57;10
00:02:36.081; 8e276b;-61;10
00:02:36.844; 8e276b;-73;10
00:02:36.877; 8e276b;-70;10
00:02:37.399; 8e276b;-63;10
00:02:37.429; 8e276b;-64;10
00:02:37.589; 8e276b;-51;10
00:02:37.973; 8e276b;-67;10
00:02:38.103; 8e276b;-53;10
00:02:38.113; 8e276b;-63;10
00:02:38.127; 8e276b;-57;10
00:02:38.160; 8e276b;-61;10
00:02:38.713; 827b65;-64;10
00:02:38.722; 827b65;-64;10
00:02:39.229; 827b65;-63;10
00:02:39.238; 827b65;-59;10
00:02:39.728; 827b65;-64;10
00:02:39.954; 827b65;-56;10
00:02:40.047; 827b65;-65;10
00:02:40.192; 827b65;-56;10
00:02:40.280; 827b65;-65;10
00:02:41.054; 827b65;-60;10
00:02:41.066; 827b65;-58;10
00:02:41.077; 827b65;-59;10
00:02:41.121; 827b65;-64;10
00:02:41.922; 827b65;-57;10
00:02:42.106; 827b65;-58;10
00:02:42.141; 827b65;-61;10
00:02:42.323; 827b65;-63;10
00:02:42.359; 827b65;-61;10
00:02:43.343; 827b65;-62;10
00:02:43.355; 827b65;-64;10
00:02:44.370; 827b65;-58;10
00:02:44.384; 827b65;-63;10
00:02:44.405; 827b65;-57;10
00:02:44.838; 827b65;-58;10
00:02:45.034; 827b65;-61;10
00:02:45.284; 827b65;-59;10
00:02:45.339; 827b65;-59;10
00:02:46.009; 827b65;-65;10
00:02:46.055; 827b65;-59;10
00:02:46.260; 827b65;-64;10
00:02:46.288; 827b65;-63;10
00:02:46.617; 827b65;-62;10
00:02:47.327; 827b65;-62;10
00:02:47.382; 827b65;-65;10
00:02:48.091; 827b65;-58;10
00:02:48.140; 827b65;-60;10
00:02:48.274; 827b65;-56;10
00:02:48.286; 827b65;-60;10
00:02:48.333; 827b65;-58;10
00:02:48.640; 39cf21;-73;10
00:02:48.947; 827b65;-62;10
00:02:48.962; 827b65;-62;10
00:02:50.117; 349e4a;-59;10
00:02:50.175; 349e4a;-62;10
00:02:50.229; 349e4a;-58;10
00:02:51.589; 349e4a;-62;10
00:02:51.607; 349e4a;-60;10
00:02:51.655; 349e4a;-62;10
00:02:52.194; 349e4a;-66;10
00:02:52.226; 349e4a;-67;10
00:02:52.852; 349e4a;-65;10
00:02:53.058; 349e4a;-66;10
00:02:53.282; 349e4a;-62;10
00:02:53.341; 349e4a;-64;10
00:02:53.889; 349e4a;-63;10
00:02:54.735; 349e4a;-65;10
00:02:54.750; 349e4a;-65;10
00:02:55.220; 349e4a;-60;10
00:02:55.517; 349e4a;-57;10
00:02:55.543; 349e4a;-61;10
00:02:55.677; 349e4a;-70;10
00:02:55.710; 349e4a;-74;10
00:02:56.733; 349e4a;-62;10
00:02:56.775; 349e4a;-61;10
00:02:56.940; 349e4a;-63;10
00:02:57.628; 349e4a;-66;10
00:02:57.675; d8b240;-77;10
00:02:57.762; 349e4a;-60;10
00:02:57.785; 349e4a;-60;10
00:02:57.795; 349e4a;-58;10
00:02:57.981; 349e4a;-61;10
00:02:57.993; 349e4a;-62;10
00:02:58.006; 349e4a;-58;10
00:02:58.269; 349e4a;-59;10
00:02:58.292; 349e4a;-61;10
00:02:58.313; 349e4a;-59;10
00:02:59.006; 349e4a;-58;10
00:02:59.458; 349e4a;-65;10
00:02:59.626; 349e4a;-66;10
00:02:59.688; 349e4a;-65;10
00:02:59.962; a8390e;-65;10
00:03:00.139; a8390e;-60;10
00:03:00.150; a8390e;-59;10
00:03:00.395; a8390e;-60;10
00:03:00.966; a8390e;-61;10
00:03:00.987; a8390e;-60;10
00:03:01.163; a8390e;-61;10
00:03:01.183; a8390e;-66;10
00:03:01.196; a8390e;-64;10
00:03:01.723; a8390e;-69;10
00:03:01.901; a8390e;-63;10
00:03:02.006; a8390e;-59;10
00:03:02.030; a8390e;-68;10
00:03:02.223; a8390e;-66;10
00:03:02.235; a8390e;-66;10
00:03:02.454; a8390e;-66;10
00:03:02.737; a8390e;-66;10
00:03:02.930; a8390e;-66;10
00:03:02.964; a8390e;-64;10
00:03:03.210; a8390e;-62;10
00:03:03.223; a8390e;-60;10
00:03:03.232; a8390e;-64;10
00:03:03.248; a8390e;-64;10
00:03:03.498; a8390e;-62;10
00:03:03.520; a8390e;-58;10
00:03:03.941; a8390e;-61;10
00:03:04.100; a8390e;-66;10
00:03:04.692; a8390e;-62;10
00:03:04.706; a8390e;-62;10
00:03:04.729; a8390e;-63;10
00:03:04.952; a8390e;-66;10
00:03:04.989; a8390e;-64;10
00:03:05.004; a8390e;-59;10
00:03:05.311; a8390e;-68;10
00:03:05.348; a8390e;-64;10
00:03:05.894; a8390e;-58;10
00:03:05.918; a8390e;-64;10
00:03:06.180; a8390e;-62;10
00:03:06.352; a8390e;-60;10
00:03:06.602; a8390e;-65;10
00:03:06.737; a8390e;-60;10
00:03:06.769; a8390e;-62;10
00:03:06.945; a8390e;-58;10
00:03:06.961; a8390e;-58;10
00:03:06.973; a8390e;-60;10
00:03:07.613; a8390e;-63;10
00:03:07.646; a8390e;-60;10
00:03:07.772; a8390e;-60;10
00:03:07.785; a8390e;-62;10
00:03:07.797; a8390e;-61;10
00:03:07.985; a8390e;-63;10
00:03:08.044; a8390e;-60;10
00:03:08.257; a8390e;-57;10
00:03:08.273; a8390e;-55;10
00:03:08.471; a8390e;-61;10
00:03:08.800; a8390e;-62;10
00:03:09.856; a8390e;-58;10
00:03:09.871; a8390e;-60;10
00:03:09.882; a8390e;-59;10
00:03:10.580; a8390e;-61;10
00:03:10.858; 8e276b;-59;10
00:03:11.421; 8e276b;-65;10
00:03:11.766; 8e276b;-64;10
00:03:11.912; 8e276b;-63;10
00:03:12.266; 8e276b;-62;10
00:03:12.289; 8e276b;-60;10
00:03:12.324; 8e276b;-65;10
00:03:12.347; 8e276b;-65;10
00:03:12.848; 8e276b;-65;10
00:03:12.963; 8e276b;-61;10
00:03:13.460; 8e276b;-65;10
00:03:13.481; 8e276b;-64;10
00:03:13.524; 8e276b;-58;10
00:03:14.016; 8e276b;-57;10
00:03:14.205; 540ff0;-76;10
00:03:14.706; 8e276b;-61;10
00:03:14.717; 8e276b;-63;10
00:03:15.186; 8e276b;-59;10
00:03:15.416; 8e276b;-65;10
00:03:15.558; 8e276b;-57;10
00:03:16.117; 8e276b;-67;10
00:03:16.544; 8e276b;-61;10
00:03:16.565; 8e276b;-64;10
00:03:16.623; 8e276b;-60;10
00:03:17.053; 8e276b;-64;10
00:03:17.409; 8e276b;-64;10
00:03:17.422; 8e276b;-64;10
00:03:17.435; 8e276b;-61;10
00:03:17.450; 8e276b;-60;10
00:03:17.462; 8e276b;-59;10
00:03:17.810; 8e276b;-63;10
00:03:17.825; 8e276b;-57;10
00:03:17.842; 8e276b;-62;10
00:03:18.323; 8e276b;-60;10
00:03:18.349; 8e276b;-63;10
00:03:18.690; 8e276b;-64;10
00:03:18.714; 8e276b;-61;10
00:03:18.843; 8e276b;-61;10
00:03:19.370; 8e276b;-61;10
00:03:19.423; 8e276b;-53;10
00:03:19.652; 8e276b;-65;10
00:03:19.662; 8e276b;-66;10
00:03:19.693; 8e276b;-58;10
00:03:20.512; 8e276b;-57;10
00:03:20.555; 8e276b;-61;10
00:03:20.618; 8e276b;-58;10
00:03:20.632; 8e276b;-58;10
00:03:20.638; 8e276b;-56;10
00:03:20.899; 8e276b;-62;10
00:03:20.923; 8e276b;-61;10
00:03:21.215; 827b65;-64;10
00:03:21.249; 827b65;-58;10
00:03:21.270; 827b65;-60;10
00:03:21.488; 827b65;-66;10
00:03:22.245; 827b65;-60;10
00:03:22.250; 827b65;-65;10
00:03:22.261; 827b65;-62;10
00:03:22.274; 827b65;-66;10
00:03:22.395; 827b65;-76;10
00:03:22.417; 827b65;-71;10
00:03:22.674; 827b65;-58;10
00:03:24.280; 827b65;-67;15
00:03:24.292; 827b65;-67;15
00:03:24.302; 827b65;-59;15
00:03:24.578; 39cf21;-79;15
00:03:25.014; 827b65;-60;15
00:03:25.099; 827b65;-73;15
00:03:25.111; 827b65;-74;15
00:03:25.155; 827b65;-58;15
00:03:25.954; 827b65;-60;15
00:03:26.152; 827b65;-62;15
00:03:26.175; 827b65;-65;15
00:03:26.522; 827b65;-63;15
00:03:26.546; 827b65;-63;15
00:03:26.557; 827b65;-63;15
00:03:26.581; 827b65;-64;15
00:03:27.994; 827b65;-70;15
00:03:28.009; 827b65;-70;15
00:03:28.095; 827b65;-56;15
00:03:28.129; 827b65;-61;15
00:03:28.658; 827b65;-59;15
00:03:28.838; 827b65;-60;15
00:03:29.008; 827b65;-65;15
00:03:29.042; 827b65;-63;15
00:03:29.475; 827b65;-60;15
00:03:30.085; 827b65;-67;15
00:03:30.207; 827b65;-59;15
00:03:30.249; 827b65;-62;15
00:03:30.338; 827b65;-65;15
00:03:30.871; 827b65;-57;15
00:03:30.917; 827b65;-64;15
00:03:31.091; 827b65;-65;15
00:03:31.729; 827b65;-68;15
00:03:31.741; 827b65;-67;15
00:03:32.639; 349e4a;-65;15
00:03:32.827; 349e4a;-64;15
00:03:32.943; 349e4a;-63;15
00:03:32.956; 349e4a;-64;15
00:03:32.991; 349e4a;-56;15
00:03:33.004; 349e4a;-54;15
00:03:34.177; 349e4a;-63;15
00:03:34.194; 349e4a;-64;15
00:03:34.207; 349e4a;-62;15
00:03:34.379; 349e4a;-64;15
00:03:34.406; 349e4a;-64;15
00:03:35.576; 349e4a;-64;15
00:03:35.758; 349e4a;-67;15
00:03:36.099; 349e4a;-67;15
00:03:37.238; 349e4a;-65;15
00:03:37.942; 349e4a;-60;15
00:03:37.973; 349e4a;-59;15
00:03:38.163; 349e4a;-65;15
00:03:38.529; 349e4a;-57;15
00:03:38.546; 349e4a;-54;15
00:03:39.505; 349e4a;-60;15
00:03:39.520; 349e4a;-60;15
00:03:39.541; 349e4a;-60;15
00:03:39.741; 349e4a;-59;15
00:03:39.971; 349e4a;-61;15
00:03:39.986; 349e4a;-60;15
00:03:40.448; 349e4a;-70;15
00:03:40.547; 349e4a;-59;15
00:03:40.577; 349e4a;-60;15
00:03:41.009; 349e4a;-64;15
00:03:41.032; 349e4a;-59;15
00:03:41.044; 349e4a;-60;15
00:03:41.101; 349e4a;-66;15
00:03:41.475; 349e4a;-57;15
00:03:42.592; a8390e;-59;15
00:03:42.767; a8390e;-57;15
00:03:42.782; a8390e;-60;15
00:03:43.166; a8390e;-66;15
00:03:43.188; a8390e;-66;15
00:03:43.388; a8390e;-61;15
00:03:43.410; a8390e;-57;15
00:03:43.420; a8390e;-62;15
00:03:43.793; a8390e;-66;15
00:03:44.088; a8390e;-61;15
00:03:44.440; a8390e;-58;15
00:03:44.540; 540ff0;-75;15
00:03:44.636; a8390e;-60;15
00:03:44.643; a8390e;-67;15
00:03:44.835; a8390e;-68;15
00:03:44.885; a8390e;-58;15
00:03:45.276; a8390e;-58;15
00:03:45.375; a8390e;-66;15
00:03:45.463; a8390e;-68;15
00:03:45.490; a8390e;-65;15
00:03:45.628; a8390e;-68;15
00:03:46.202; a8390e;-65;15
00:03:46.366; a8390e;-64;15
00:03:47.948; a8390e;-67;15
00:03:47.962; a8390e;-69;15
00:03:48.008; a8390e;-59;15
00:03:48.438; a8390e;-71;15
00:03:48.695; a8390e;-64;15
00:03:48.707; a8390e;-64;15
00:03:48.718; a8390e;-62;15
00:03:48.747; a8390e;-72;15
00:03:48.884; a8390e;-62;15
00:03:49.516; a8390e;-62;15
00:03:49.554; a8390e;-59;15
00:03:49.726; a8390e;-65;15
00:03:50.404; a8390e;-63;15
00:03:50.822; a8390e;-57;15
00:03:51.003; a8390e;-56;15
00:03:51.622; a8390e;-68;15
00:03:51.822; a8390e;-62;15
00:03:51.849; a8390e;-58;15
00:03:51.876; a8390e;-70;15
00:03:52.483; a8390e;-59;15
00:03:52.638; a8390e;-58;15
00:03:54.238; 8e276b;-59;15
00:03:54.252; 8e276b;-65;15
00:03:54.476; 8e276b;-58;15
00:03:54.491; 8e276b;-60;15
00:03:54.708; 8e276b;-67;15
00:03:54.743; 8e276b;-65;15
00:03:55.052; 8e276b;-61;15
00:03:55.148; 8e276b;-67;15
00:03:55.524; 8e276b;-60;15
00:03:55.545; 8e276b;-62;15
00:03:55.598; 8e276b;-63;15
00:03:55.717; 8e276b;-59;15
00:03:55.730; 8e276b;-59;15
00:03:55.879; 8e276b;-58;15
00:03:55.910; 8e276b;-59;15
00:03:55.941; 8e276b;-65;15
00:03:56.188; 8e276b;-61;15
00:03:56.345; 8e276b;-65;15
00:03:56.772; 8e276b;-57;15
00:03:56.795; 8e276b;-65;15
00:03:56.810; 8e276b;-65;15
00:03:56.816; 8e276b;-63;15
00:03:57.102; 8e276b;-62;15
00:03:57.122; 8e276b;-63;15
00:03:57.406; 8e276b;-65;15
00:03:57.869; 8e276b;-66;15
00:03:58.013; 8e276b;-63;15
00:03:58.192; 8e276b;-69;15
00:03:58.848; 8e276b;-70;15
00:03:58.998; 39cf21;-82;15
00:03:59.173; 8e276b;-63;15
00:03:59.777; 8e276b;-58;15
00:03:59.789; 8e276b;-61;15
00:03:59.826; 8e276b;-63;15
00:03:59.858; 8e276b;-64;15
00:04:00.177; 8e276b;-61;15
00:04:00.212; 8e276b;-61;15
00:04:00.253; 8e276b;-68;15
00:04:00.266; 8e276b;-64;15
00:04:00.726; 39cf21;-79;15
00:04:00.992; 39cf21;-76;15
00:04:01.027; 39cf21;-77;15
00:04:01.045; 8e276b;-64;15
00:04:01.057; 8e276b;-63;15
00:04:01.111; 8e276b;-64;15
00:04:01.256; 8e276b;-65;15
00:04:01.486; 8e276b;-69;15
00:04:01.927; 8e276b;-64;15
00:04:02.949; 8e276b;-63;15
00:04:02.964; 8e276b;-64;15
00:04:03.316; 8e276b;-56;15
00:04:03.395; 8e276b;-66;15
00:04:04.042; 827b65;-59;15
00:04:05.213; 827b65;-77;20
00:04:05.226; 827b65;-79;20
00:04:05.440; 827b65;-60;20
00:04:06.436; 827b65;-62;20
00:04:06.444; 827b65;-59;20
00:04:07.079; 827b65;-58;20
00:04:07.325; 827b65;-58;20
00:04:07.455; 827b65;-58;20
00:04:07.769; 827b65;-66;20
00:04:08.366; 827b65;-60;20
00:04:08.552; 827b65;-59;20
00:04:08.670; 827b65;-67;20
00:04:08.681; 827b65;-69;20
00:04:09.187; 827b65;-59;20
00:04:09.261; 827b65;-60;20
00:04:09.350; 827b65;-59;20
00:04:10.205; 827b65;-59;20
00:04:10.781; 827b65;-60;20
00:04:10.807; 827b65;-67;20
00:04:10.992; 827b65;-61;20
00:04:11.630; 827b65;-69;20
00:04:11.657; 827b65;-59;20
00:04:11.679; 827b65;-59;20
00:04:11.949; 827b65;-70;20
00:04:11.962; 827b65;-71;20
00:04:12.872; 827b65;-63;20
00:04:13.018; 827b65;-58;20
00:04:13.061; 827b65;-64;20
00:04:13.073; 827b65;-64;20
00:04:13.694; 827b65;-65;20
00:04:13.704; 827b65;-65;20
00:04:13.893; 827b65;-57;20
00:04:13.931; 827b65;-58;20
00:04:15.321; 349e4a;-63;20
00:04:15.349; 349e4a;-63;20
00:04:15.385; 349e4a;-67;20
00:04:15.396; 349e4a;-65;20
00:04:15.409; 349e4a;-67;20
00:04:15.758; 349e4a;-64;20
00:04:15.785; 349e4a;-66;20
00:04:15.935; 349e4a;-63;20
00:04:15.990; 349e4a;-63;20
00:04:16.056; 349e4a;-58;20
00:04:16.978; 349e4a;-65;20
00:04:17.062; 349e4a;-58;20
00:04:17.075; 349e4a;-57;20
00:04:17.884; 349e4a;-67;20
00:04:18.234; 349e4a;-63;20
00:04:18.467; 349e4a;-66;20
00:04:18.479; 349e4a;-58;20
00:04:18.909; 349e4a;-66;20
00:04:19.503; 349e4a;-69;20
00:04:19.516; 349e4a;-67;20
00:04:19.722; 349e4a;-69;20
00:04:20.273; 349e4a;-62;20
00:04:20.294; 349e4a;-60;20
00:04:20.722; 349e4a;-65;20
00:04:20.901; 349e4a;-60;20
00:04:21.294; 349e4a;-66;20
00:04:21.307; 349e4a;-66;20
00:04:21.316; 349e4a;-66;20
00:04:22.850; 540ff0;-73;20
00:04:23.176; 349e4a;-64;20
00:04:23.820; 349e4a;-64;20
00:04:23.846; 349e4a;-62;20
00:04:24.325; 349e4a;-57;20
00:04:25.108; a8390e;-62;20
00:04:25.120; a8390e;-63;20
00:04:25.368; a8390e;-61;20
00:04:25.768; a8390e;-64;20
00:04:25.926; a8390e;-60;20
00:04:26.018; a8390e;-63;20
00:04:26.179; a8390e;-86;20
00:04:26.849; a8390e;-61;20
00:04:27.415; a8390e;-67;20
00:04:27.590; a8390e;-63;20
00:04:27.622; a8390e;-68;20
00:04:28.428; a8390e;-70;20
00:04:28.931; a8390e;-70;20
00:04:29.068; a8390e;-70;20
00:04:29.080; a8390e;-76;20
00:04:29.438; a8390e;-70;20
00:04:29.459; a8390e;-75;20
00:04:29.628; a8390e;-74;20
00:04:29.643; a8390e;-72;20
00:04:29.654; a8390e;-70;20
00:04:30.675; a8390e;-78;20
00:04:31.559; a8390e;-74;20
00:04:31.803; a8390e;-76;20
00:04:33.789; a8390e;-76;20
00:04:34.466; a8390e;-77;20
00:04:34.592; a8390e;-76;20
00:04:35.235; a8390e;-66;20
00:04:35.534; a8390e;-43;20
00:04:36.412; 8e276b;-65;20
00:04:36.425; 8e276b;-65;20
00:04:36.482; 8e276b;-73;20
00:04:36.517; 8e276b;-72;20
00:04:37.270; 8e276b;-68;20
00:04:37.409; 8e276b;-72;20
00:04:37.511; 8e276b;-71;20
00:04:37.568; 8e276b;-76;20
00:04:37.844; 8e276b;-72;20
00:04:38.328; 8e276b;-66;20
00:04:38.343; 8e276b;-69;20
00:04:38.639; 8e276b;-70;20
00:04:38.659; 8e276b;-70;20
00:04:39.066; 8e276b;-67;20
00:04:39.970; 8e276b;-63;20
00:04:40.127; 8e276b;-68;20
00:04:40.163; 8e276b;-67;20
00:04:40.358; 8e276b;-69;20
00:04:40.743; 8e276b;-67;20
00:04:41.163; 8e276b;-70;20
00:04:41.602; 8e276b;-66;20
00:04:41.614; 8e276b;-67;20
00:04:41.628; 8e276b;-66;20
00:04:41.774; 8e276b;-75;20
00:04:42.189; 8e276b;-64;20
00:04:42.629; 8e276b;-74;20
00:04:43.506; 8e276b;-68;20
00:04:44.079; 8e276b;-72;20
00:04:44.089; 8e276b;-68;20
00:04:44.891; 8e276b;-65;20
00:04:44.912; 8e276b;-70;20
00:04:45.235; d8b240;-75;20
00:04:45.239; 8e276b;-68;20
00:04:45.685; 8e276b;-66;20
00:04:46.057; 8e276b;-67;20
00:04:46.077; 8e276b;-67;20
00:04:46.091; 8e276b;-67;20
00:04:46.811; 827b65;-67;20
00:04:46.843; 827b65;-53;20
00:04:47.690; 827b65;-65;20
00:04:47.749; 827b65;-74;20
00:04:47.837; 827b65;-65;20
00:04:48.121; d8b240;-76;20
00:04:48.436; 827b65;-68;20
00:04:48.447; 827b65;-67;20
00:04:48.671; 827b65;-73;20
00:04:48.736; 827b65;-68;20
00:04:49.058; 827b65;-71;20
00:04:49.234; 827b65;-64;20
00:04:49.249; 827b65;-69;20
00:04:49.940; 827b65;-67;20
00:04:49.950; 827b65;-77;20
00:04:50.452; 827b65;-62;20
00:04:50.458; 827b65;-65;20
00:04:50.757; 827b65;-76;20
00:04:51.457; 827b65;-67;20
00:04:51.489; 827b65;-68;20
00:04:51.975; 827b65;-67;20
00:04:52.009; 827b65;-69;20
00:04:52.816; 827b65;-76;20
00:04:53.109; 827b65;-70;20
00:04:53.574; 827b65;-64;20
00:04:53.582; 827b65;-72;20
00:04:54.125; 827b65;-67;20
00:04:54.263; 827b65;-67;20
00:04:54.291; 827b65;-77;20
00:04:55.421; 827b65;-67;20
00:04:56.539; 827b65;-75;20
00:04:57.144; 349e4a;-70;20
00:04:57.157; 349e4a;-70;20
00:04:57.170; 349e4a;-68;20
00:04:58.100; 349e4a;-59;20
00:04:58.551; 349e4a;-69;20
00:04:58.622; 349e4a;-71;20
00:04:58.758; 349e4a;-67;20
00:04:58.789; 349e4a;-71;20
00:04:58.814; 349e4a;-71;20
00:04:59.224; 349e4a;-69;20
00:05:00.511; 349e4a;-70;20
00:05:00.547; 349e4a;-58;20
00:05:00.559; 349e4a;-64;20
00:05:00.573; 349e4a;-66;20
00:05:00.871; 349e4a;-76;20
00:05:01.261; 349e4a;-70;20
00:05:01.286; 349e4a;-73;20
00:05:01.621; 349e4a;-66;20
00:05:01.635; 349e4a;-58;20
00:05:01.674; 349e4a;-73;20
00:05:02.451; 349e4a;-76;20
00:05:02.492; 349e4a;-71;20
00:05:03.080; 349e4a;-74;20
00:05:03.552; 349e4a;-69;20
00:05:03.745; 349e4a;-78;20
00:05:03.883; 349e4a;-80;20
00:05:04.114; 349e4a;-66;20
00:05:04.123; 349e4a;-66;20
00:05:05.539; 349e4a;-76;20
00:05:05.955; 349e4a;-75;20
00:05:05.965; 349e4a;-69;20
00:05:05.998; 349e4a;-71;20
00:05:06.451; 349e4a;-67;20
00:05:06.469; 349e4a;-72;20
00:05:06.981; 39cf21;-79;20
00:05:08.128; a8390e;-75;20
00:05:08.138; a8390e;-77;20
00:05:08.162; a8390e;-77;20
00:05:08.794; a8390e;-72;20
00:05:09.149; a8390e;-74;20
00:05:09.532; a8390e;-77;20
00:05:09.604; a8390e;-76;20
00:05:10.037; a8390e;-63;20
00:05:10.602; a8390e;-76;20
00:05:11.040; a8390e;-58;20
00:05:11.056; a8390e;-72;20
00:05:11.208; a8390e;-74;20
00:05:11.239; a8390e;-74;20
00:05:12.089; a8390e;-71;20
00:05:12.264; a8390e;-69;20
00:05:12.283; a8390e;-71;20
00:05:12.451; a8390e;-77;20
00:05:12.649; a8390e;-69;20
00:05:13.274; a8390e;-68;20
00:05:13.464; a8390e;-71;20
00:05:13.485; a8390e;-71;20
00:05:13.684; a8390e;-63;20
00:05:13.745; a8390e;-65;20
00:05:13.758; a8390e;-65;20
00:05:13.906; a8390e;-60;20
00:05:13.967; a8390e;-68;20
00:05:14.479; a8390e;-66;20
00:05:15.753; a8390e;-71;20
00:05:15.764; a8390e;-74;20
00:05:16.398; a8390e;-73;20
00:05:17.230; a8390e;-73;20
00:05:17.396; a8390e;-73;20
00:05:17.409; a8390e;-73;20
00:05:18.035; a8390e;-76;20
00:05:18.047; a8390e;-70;20
00:05:18.861; 8e276b;-70;20
00:05:19.457; 8e276b;-69;30
00:05:19.562; 8e276b;-65;30
00:05:19.898; 8e276b;-65;30
00:05:19.912; 8e276b;-72;30
00:05:20.047; 8e276b;-63;30
00:05:20.059; 8e276b;-66;30
00:05:20.278; 8e276b;-74;30
00:05:20.297; 8e276b;-72;30
00:05:20.683; 8e276b;-74;30
00:05:20.696; 8e276b;-73;30
00:05:20.700; 8e276b;-72;30
00:05:21.424; 8e276b;-64;30
00:05:21.437; 8e276b;-69;30
00:05:21.484; 8e276b;-76;30
00:05:21.498; 8e276b;-74;30
00:05:21.832; 8e276b;-65;30
00:05:22.136; d8b240;-77;30
00:05:22.171; 8e276b;-66;30
00:05:22.278; 8e276b;-64;30
00:05:22.669; 8e276b;-74;30
00:05:23.218; 8e276b;-53;30
00:05:23.572; 8e276b;-77;30
00:05:23.736; 8e276b;-59;30
00:05:24.183; 8e276b;-65;30
00:05:24.518; 8e276b;-64;30
00:05:24.920; 8e276b;-64;30
00:05:25.423; 8e276b;-63;30
00:05:25.762; 8e276b;-76;30
00:05:25.774; 8e276b;-64;30
00:05:25.785; 8e276b;-64;30
00:05:26.428; 8e276b;-64;30
00:05:26.459; 8e276b;-64;30
00:05:26.474; 8e276b;-75;30
00:05:26.491; 8e276b;-76;30
00:05:26.804; 8e276b;-62;30
00:05:26.818; 8e276b;-64;30
00:05:26.829; 8e276b;-64;30
00:05:27.720; 8e276b;-60;30
00:05:27.996; 8e276b;-64;30
00:05:28.007; 8e276b;-66;30
00:05:28.021; 8e276b;-66;30
00:05:28.049; 8e276b;-72;30
00:05:28.983; 827b65;-67;30
00:05:30.431; 827b65;-63;30
00:05:30.583; 827b65;-73;30
00:05:30.594; 827b65;-71;30
00:05:30.620; 827b65;-62;30
00:05:30.856; 827b65;-76;30
00:05:31.203; 827b65;-64;30
00:05:31.407; 827b65;-64;30
00:05:31.450; 827b65;-64;30
00:05:31.641; 827b65;-62;30
00:05:31.666; 827b65;-65;30
00:05:31.875; 827b65;-66;30
00:05:32.138; 827b65;-64;30
00:05:32.506; 827b65;-70;30
00:05:32.699; 827b65;-73;30
00:05:32.719; 827b65;-73;30
00:05:33.492; 827b65;-58;30
00:05:33.503; 827b65;-61;30
00:05:33.512; 827b65;-69;30
00:05:33.531; 827b65;-77;30
00:05:33.554; 827b65;-76;30
00:05:34.927; 827b65;-67;30
00:05:35.587; 827b65;-71;30
00:05:35.733; 827b65;-67;30
00:05:36.171; 827b65;-79;30
00:05:37.662; 827b65;-69;30
00:05:37.805; 827b65;-62;30
00:05:37.813; 827b65;-63;30
00:05:38.377; 827b65;-61;30
00:05:38.390; 827b65;-60;30
00:05:38.458; 827b65;-67;30
00:05:38.493; 827b65;-67;30
00:05:38.700; 827b65;-60;30
00:05:38.710; 827b65;-61;30
00:05:39.478; 349e4a;-69;30
00:05:41.135; 349e4a;-65;30
00:05:41.299; 349e4a;-65;30
00:05:41.499; 349e4a;-64;30
00:05:41.521; 349e4a;-66;30
00:05:41.562; 349e4a;-72;30
00:05:42.388; 349e4a;-72;30
00:05:43.335; 349e4a;-64;30
00:05:43.359; 349e4a;-62;30
00:05:43.402; 349e4a;-69;30
00:05:43.414; 349e4a;-69;30
00:05:43.426; 349e4a;-71;30
00:05:43.865; 349e4a;-69;30
00:05:44.030; 349e4a;-63;30
00:05:44.052; 349e4a;-75;30
00:05:44.080; 349e4a;-76;30
00:05:44.138; 349e4a;-63;30
00:05:44.364; 349e4a;-63;30
00:05:44.438; 349e4a;-74;30
00:05:44.449; 349e4a;-74;30
00:05:44.459; 349e4a;-75;30
00:05:44.667; 349e4a;-74;30
00:05:45.324; 349e4a;-65;30
00:05:45.339; 349e4a;-65;30
00:05:46.124; 39cf21;-74;30
00:05:46.361; 39cf21;-77;30
00:05:46.671; 349e4a;-74;30
00:05:46.830; 349e4a;-63;30
00:05:47.124; 349e4a;-64;30
00:05:47.231; 349e4a;-64;30
00:05:47.489; 349e4a;-73;30
00:05:47.697; 349e4a;-64;30
00:05:47.744; 349e4a;-76;30
00:05:48.305; 349e4a;-65;30
00:05:48.318; 349e4a;-65;30
00:05:48.912; 349e4a;-68;30
00:05:49.149; 349e4a;-68;30
00:05:49.160; 349e4a;-65;30
00:05:49.170; 349e4a;-67;30
00:05:49.185; 349e4a;-67;30
00:05:49.229; 349e4a;-64;30
00:05:49.275; 349e4a;-68;30
00:05:49.861; 349e4a;-68;30
00:05:50.315; a8390e;-73;30
00:05:50.490; a8390e;-70;30
00:05:50.706; a8390e;-64;30
00:05:50.717; a8390e;-67;30
00:05:51.324; a8390e;-76;30
00:05:51.335; a8390e;-76;30
00:05:51.349; a8390e;-70;30
00:05:52.609; a8390e;-65;30
00:05:52.621; a8390e;-64;30
00:05:52.631; a8390e;-60;30
00:05:53.043; a8390e;-65;30
00:05:53.386; a8390e;-69;30
00:05:53.810; a8390e;-79;30
00:05:53.859; a8390e;-78;30
00:05:54.270; a8390e;-71;30
00:05:54.644; a8390e;-69;30
00:05:54.872; a8390e;-58;30
00:05:55.074; a8390e;-66;30
00:05:55.323; a8390e;-66;30
00:05:55.519; a8390e;-65;30
00:05:55.526; a8390e;-55;30
00:05:56.395; a8390e;-64;30
00:05:56.458; d8b240;-76;30
00:05:56.579; a8390e;-65;30
00:05:57.443; a8390e;-69;30
00:05:57.575; a8390e;-70;30
00:05:57.756; a8390e;-68;30
00:05:57.882; a8390e;-77;30
00:05:57.915; a8390e;-76;30
00:05:58.145; a8390e;-64;30
00:05:59.658; a8390e;-78;30
00:05:59.785; a8390e;-78;30
00:05:59.938; a8390e;-64;30
00:05:59.950; a8390e;-65;30
00:06:00.025; a8390e;-78;30
00:06:00.153; a8390e;-66;30
00:06:01.139; 8e276b;-63;30
00:06:01.622; 8e276b;-63;30
00:06:01.664; 8e276b;-78;30
00:06:02.644; 8e276b;-64;30
00:06:02.668; 8e276b;-66;30
00:06:02.684; 8e276b;-64;30
00:06:02.706; 8e276b;-76;30
00:06:02.721; 8e276b;-77;30
00:06:02.847; 8e276b;-67;30
00:06:03.417; 8e276b;-70;30
00:06:03.663; 8e276b;-71;30
00:06:03.676; 8e276b;-70;30
00:06:03.758; 8e276b;-76;30
00:06:04.686; 8e276b;-64;30
00:06:05.454; 8e276b;-62;30
00:06:05.468; 8e276b;-66;30
00:06:05.480; 8e276b;-63;30
00:06:05.947; 8e276b;-67;30
00:06:06.156; 8e276b;-69;30
00:06:06.518; 540ff0;-77;30
00:06:06.802; 8e276b;-76;30
00:06:06.953; 8e276b;-71;30
00:06:06.967; 8e276b;-74;30
00:06:06.979; 8e276b;-73;30
00:06:08.047; 8e276b;-63;30
00:06:08.293; 8e276b;-60;30
00:06:08.550; 8e276b;-65;30
00:06:08.564; 8e276b;-66;30
00:06:09.212; 8e276b;-65;30
00:06:09.249; 8e276b;-58;30
00:06:09.495; 8e276b;-62;30
00:06:10.028; 8e276b;-70;30
00:06:10.040; 8e276b;-71;30
00:06:11.254; 8e276b;-64;30
00:06:11.517; 827b65;-68;30
00:06:11.550; 827b65;-71;30
00:06:11.569; 827b65;-70;30
00:06:11.584; 827b65;-70;30
00:06:11.617; 8e276b;-65;30
00:06:11.785; 827b65;-71;30
00:06:12.588; 827b65;-64;30
00:06:13.230; 827b65;-65;30
00:06:13.556; 827b65;-75;30
00:06:15.450; 827b65;-65;30
00:06:16.156; 827b65;-64;40
00:06:16.282; 827b65;-62;40
00:06:16.850; 827b65;-69;40
00:06:16.880; 827b65;-73;40
00:06:17.516; 827b65;-69;40
00:06:17.696; 827b65;-67;40
00:06:17.709; 827b65;-67;40
00:06:18.972; 827b65;-78;40
00:06:19.027; 39cf21;-75;40
00:06:19.393; 827b65;-64;40
00:06:19.407; 827b65;-64;40
00:06:19.483; 827b65;-62;40
00:06:20.397; 827b65;-70;40
00:06:20.408; 827b65;-67;40
00:06:20.615; 827b65;-70;40
00:06:21.388; 827b65;-70;40
00:06:21.419; 827b65;-56;40
00:06:22.051; 349e4a;-76;40
00:06:22.071; 349e4a;-76;40
00:06:22.660; 349e4a;-65;40
00:06:23.679; 349e4a;-67;40
00:06:23.700; 349e4a;-66;40
00:06:23.751; 349e4a;-81;40
00:06:23.951; 349e4a;-65;40
00:06:24.528; 349e4a;-76;40
00:06:24.614; 349e4a;-77;40
00:06:24.764; 349e4a;-69;40
00:06:24.777; 349e4a;-70;40
00:06:25.021; 349e4a;-75;40
00:06:25.637; 349e4a;-65;40
00:06:25.649; 349e4a;-68;40
00:06:26.162; 349e4a;-65;40
00:06:27.266; 349e4a;-79;40
00:06:27.626; 349e4a;-66;40
00:06:27.637; 349e4a;-67;40
00:06:27.641; 349e4a;-74;40
00:06:27.650; 349e4a;-68;40
00:06:27.673; 349e4a;-76;40
00:06:28.028; 349e4a;-68;40
00:06:29.349; 349e4a;-66;40
00:06:29.691; 349e4a;-64;40
00:06:29.706; 349e4a;-63;40
00:06:30.086; 349e4a;-58;40
00:06:30.246; 349e4a;-66;40
00:06:30.261; 349e4a;-66;40
00:06:30.274; 349e4a;-66;40
00:06:30.287; 349e4a;-66;40
00:06:30.310; 349e4a;-78;40
00:06:30.566; 349e4a;-74;40
00:06:31.320; 349e4a;-74;40
00:06:31.548; 349e4a;-68;40
00:06:31.770; 349e4a;-74;40
00:06:31.808; 349e4a;-73;40
00:06:31.845; 349e4a;-73;40
00:06:31.953; 349e4a;-75;40
00:06:31.968; 349e4a;-74;40
00:06:32.152; 349e4a;-74;40
00:06:32.193; 349e4a;-67;40
00:06:32.224; 349e4a;-68;40
00:06:32.945; a8390e;-74;40
00:06:33.119; a8390e;-77;40
00:06:33.144; a8390e;-76;40
00:06:33.226; a8390e;-76;40
00:06:33.484; a8390e;-68;40
00:06:34.302; d8b240;-75;40
00:06:34.562; a8390e;-65;40
00:06:35.234; a8390e;-64;40
00:06:35.361; a8390e;-77;40
00:06:35.591; a8390e;-75;40
00:06:35.610; a8390e;-76;40
00:06:36.108; a8390e;-57;40
00:06:36.186; a8390e;-69;40
00:06:36.203; a8390e;-68;40
00:06:36.435; a8390e;-64;40
00:06:36.993; a8390e;-74;40
00:06:37.257; a8390e;-79;40
00:06:38.323; a8390e;-65;40
00:06:38.515; a8390e;-63;40
00:06:39.127; a8390e;-63;40
00:06:39.514; a8390e;-77;40
00:06:39.539; a8390e;-77;40
00:06:39.827; a8390e;-70;40
00:06:39.860; a8390e;-70;40
00:06:40.110; a8390e;-73;40
00:06:40.349; a8390e;-64;40
00:06:40.388; a8390e;-63;40
00:06:40.574; a8390e;-66;40
00:06:40.732; a8390e;-66;40
00:06:40.751; a8390e;-63;40
00:06:40.927; a8390e;-66;40
00:06:41.353; a8390e;-63;40
00:06:41.367; a8390e;-60;40
00:06:41.876; 20047f;-91;40
00:06:41.924; a8390e;-75;40
00:06:41.961; a8390e;-62;40
00:06:42.191; a8390e;-78;40
00:06:42.225; a8390e;-73;40
00:06:42.743; a8390e;-68;40
00:06:42.780; a8390e;-67;40
00:06:42.824; a8390e;-76;40
00:06:42.839; a8390e;-75;40
00:06:42.931; a8390e;-69;40
00:06:42.970; a8390e;-78;40
00:06:42.982; a8390e;-74;40
00:06:43.361; 8e276b;-68;40
00:06:43.375; 8e276b;-68;40
00:06:43.407; 8e276b;-71;40
00:06:43.419; 8e276b;-70;40
00:06:43.976; 8e276b;-63;40
00:06:44.831; 8e276b;-64;40
00:06:45.915; 8e276b;-75;40
00:06:45.926; 8e276b;-72;40
00:06:46.039; 8e276b;-67;40
00:06:46.448; 8e276b;-65;40
00:06:46.461; 8e276b;-67;40
00:06:46.477; 8e276b;-61;40
00:06:46.502; 8e276b;-67;40
00:06:47.098; 8e276b;-63;40
00:06:47.107; 8e276b;-70;40
00:06:47.498; 8e276b;-76;40
00:06:47.877; 8e276b;-55;40
00:06:47.910; 8e276b;-75;40
00:06:48.823; 8e276b;-61;40
00:06:48.920; 8e276b;-66;40
00:06:49.752; 8e276b;-67;40
00:06:49.764; 8e276b;-68;40
00:06:49.986; 8e276b;-69;40
00:06:50.132; 8e276b;-71;40
00:06:50.165; 8e276b;-72;40
00:06:50.559; 8e276b;-63;40
00:06:50.960; 8e276b;-65;40
00:06:51.011; 8e276b;-74;40
00:06:51.642; 8e276b;-64;40
00:06:51.993; 8e276b;-66;40
00:06:52.017; 8e276b;-65;40
00:06:52.033; 8e276b;-66;40
00:06:52.374; 8e276b;-68;40
00:06:52.414; 8e276b;-68;40
00:06:52.708; 8e276b;-80;40
00:06:52.828; 8e276b;-65;40
00:06:52.841; 8e276b;-68;40
00:06:53.237; 8e276b;-66;40
00:06:53.262; 8e276b;-72;40
00:06:53.272; 8e276b;-70;40
00:06:53.285; 8e276b;-72;40
00:06:53.717; 8e276b;-66;40
00:06:53.723; 8e276b;-64;40
00:06:54.346; 827b65;-69;40
00:06:54.520; 827b65;-66;40
00:06:55.109; 827b65;-69;40
00:06:55.135; 827b65;-67;40
00:06:55.213; 827b65;-75;40
00:06:56.057; 827b65;-65;40
00:06:56.084; 827b65;-76;40
00:06:56.203; 827b65;-65;40
00:06:56.801; 827b65;-64;40
00:06:56.817; 827b65;-65;40
00:06:57.451; 827b65;-67;40
00:06:57.596; 827b65;-66;40
00:06:58.866; 827b65;-67;40
00:06:58.887; 827b65;-69;40
00:06:59.087; 827b65;-69;40
00:06:59.124; 827b65;-70;40
00:06:59.477; 827b65;-70;40
00:06:59.725; 827b65;-70;40
00:07:00.375; 827b65;-67;40
00:07:00.402; 827b65;-68;40
00:07:01.103; 827b65;-69;40
00:07:01.178; 827b65;-70;40
00:07:01.343; 827b65;-67;40
00:07:01.989; 827b65;-66;40
00:07:02.395; 827b65;-67;40
00:07:02.411; 827b65;-65;40
00:07:02.655; 827b65;-67;40
00:07:02.867; 827b65;-65;40
00:07:03.455; 827b65;-68;40
00:07:04.612; 827b65;-71;40
00:07:05.127; 349e4a;-70;40
00:07:05.300; 349e4a;-74;40
00:07:05.473; 349e4a;-75;40
00:07:05.488; 349e4a;-76;40
00:07:05.499; 349e4a;-77;40
00:07:06.679; 349e4a;-71;40
00:07:06.692; 349e4a;-71;40
00:07:06.747; 349e4a;-71;40
00:07:06.816; d8b240;-74;40
00:07:06.831; d8b240;-77;40
00:07:06.926; 349e4a;-71;40
00:07:06.952; 349e4a;-71;40
00:07:07.314; 349e4a;-69;40
00:07:07.327; 349e4a;-68;40
00:07:07.346; 349e4a;-70;40
00:07:07.388; 349e4a;-80;40
00:07:07.520; 349e4a;-68;40
00:07:07.544; 349e4a;-70;40
00:07:07.889; 349e4a;-70;40
00:07:08.922; 349e4a;-70;40
00:07:08.967; 349e4a;-71;40
00:07:08.990; 349e4a;-78;40
00:07:09.564; 349e4a;-70;40
00:07:10.390; 349e4a;-69;40
00:07:10.468; 349e4a;-69;40
00:07:10.818; 349e4a;-71;40
00:07:10.826; 349e4a;-69;40
00:07:10.947; 349e4a;-78;40
00:07:11.888; 349e4a;-74;40
00:07:12.053; 349e4a;-72;40
00:07:12.497; 349e4a;-69;40
00:07:12.517; 349e4a;-69;40
00:07:12.544; 349e4a;-70;40
00:07:12.871; 349e4a;-64;40
00:07:12.915; 349e4a;-76;40
00:07:13.047; 349e4a;-67;40
00:07:13.073; 349e4a;-69;40
00:07:14.290; 349e4a;-73;40
00:07:14.322; 349e4a;-72;40
00:07:14.820; 349e4a;-76;40
00:07:14.833; 349e4a;-69;40
00:07:16.046; a8390e;-77;40
00:07:16.059; a8390e;-75;40
00:07:16.792; a8390e;-73;40
00:07:16.991; a8390e;-76;40
00:07:17.369; a8390e;-70;40
00:07:17.788; a8390e;-72;40
00:07:17.825; a8390e;-72;40
00:07:18.265; 540ff0;-76;40
00:07:18.822; a8390e;-74;40
00:07:19.217; a8390e;-71;40
00:07:19.224; a8390e;-76;40
00:07:19.394; a8390e;-77;40
00:07:19.410; a8390e;-78;40
00:07:19.797; a8390e;-74;40
00:07:20.029; a8390e;-75;40
00:07:20.039; a8390e;-75;40
00:07:21.085; a8390e;-71;40
00:07:21.123; a8390e;-73;40
00:07:21.310; a8390e;-75;40
00:07:21.571; 540ff0;-72;40
00:07:21.858; a8390e;-81;40
00:07:21.889; a8390e;-77;40
00:07:21.939; a8390e;-72;40
00:07:22.111; a8390e;-75;40
00:07:23.308; a8390e;-75;40
00:07:23.959; a8390e;-74;40
00:07:24.156; a8390e;-71;40
00:07:24.175; a8390e;-72;40
00:07:25.016; a8390e;-72;40
00:07:25.788; a8390e;-73;40
00:07:26.348; 8e276b;-75;40
00:07:26.721; 8e276b;-68;40
00:07:26.756; 8e276b;-74;40
00:07:27.210; 8e276b;-73;40
00:07:27.487; 8e276b;-75;40
00:07:28.196; 8e276b;-71;40
00:07:28.206; 8e276b;-68;40
00:07:28.216; 8e276b;-73;40
00:07:28.424; 8e276b;-72;40
00:07:28.592; 8e276b;-70;40
00:07:28.614; 8e276b;-73;40
00:07:28.625; 8e276b;-71;40
00:07:29.822; 8e276b;-74;40
00:07:30.656; 8e276b;-70;40
00:07:30.667; 8e276b;-71;40
00:07:32.585; 8e276b;-78;40
00:07:32.875; 8e276b;-72;40
00:07:32.994; 8e276b;-70;40
00:07:33.766; 8e276b;-73;40
00:07:34.396; 8e276b;-69;40
00:07:34.406; 8e276b;-67;40
00:07:34.417; 8e276b;-67;40
00:07:35.160; 8e276b;-70;40
00:07:35.639; 8e276b;-70;40
00:07:36.402; 8e276b;-71;40
00:07:36.572; 827b65;-70;40
00:07:37.143; 827b65;-72;40
00:07:37.160; 827b65;-73;40
00:07:37.629; 827b65;-72;40
00:07:37.737; 827b65;-72;40
00:07:37.857; 827b65;-70;40
00:07:38.134; 827b65;-71;40
00:07:38.161; 827b65;-72;40
00:07:38.173; 827b65;-72;40
00:07:38.232; 827b65;-78;40
00:07:38.821; 827b65;-70;40
00:07:38.998; 827b65;-72;40
00:07:39.040; 827b65;-71;40
00:07:39.569; 827b65;-70;40
00:07:39.603; 827b65;-71;40
00:07:39.918; 827b65;-70;40
00:07:40.813; 827b65;-68;40
00:07:41.034; 827b65;-71;40
00:07:41.706; 827b65;-76;40
00:07:42.154; 827b65;-73;40
00:07:42.309; 827b65;-72;40
00:07:42.333; 827b65;-71;40
00:07:43.056; 827b65;-70;40
00:07:43.090; 827b65;-71;40
00:07:43.939; 827b65;-72;40
00:07:44.107; 827b65;-56;40
00:07:44.851; 827b65;-67;40
00:07:44.990; 827b65;-74;40
00:07:45.155; 827b65;-71;40
00:07:45.167; 827b65;-70;40
00:07:45.399; 827b65;-70;40
00:07:46.831; 827b65;-71;40
00:07:46.879; 827b65;-72;40
00:07:47.013; 827b65;-58;40
00:07:47.665; 349e4a;-73;40
00:07:47.828; 349e4a;-70;40
00:07:47.969; 349e4a;-67;40
00:07:48.105; 349e4a;-78;40
00:07:48.124; 349e4a;-78;40
00:07:48.126; 349e4a;-73;40
00:07:48.137; 349e4a;-75;40
00:07:48.327; 349e4a;-70;40
00:07:49.665; 349e4a;-70;40
00:07:49.680; 349e4a;-70;40
00:07:50.180; 349e4a;-70;40
00:07:50.702; 349e4a;-72;40
00:07:50.715; 349e4a;-70;40
00:07:51.216; 349e4a;-74;40
00:07:51.255; 349e4a;-74;40
00:07:51.722; 349e4a;-70;40
00:07:51.754; 349e4a;-72;40
00:07:52.231; 349e4a;-70;40
00:07:52.289; 349e4a;-77;40
00:07:52.301; 349e4a;-77;40
00:07:52.573; 349e4a;-71;40
00:07:53.058; 349e4a;-74;40
00:07:53.096; 349e4a;-78;40
00:07:53.242; 349e4a;-70;40
00:07:53.298; 349e4a;-76;40
00:07:53.636; 349e4a;-71;40
00:07:54.695; 349e4a;-73;40
00:07:55.477; 349e4a;-70;40
00:07:55.492; 349e4a;-64;40
00:07:55.528; 349e4a;-70;40
00:07:55.603; 349e4a;-70;40
00:07:55.666; 349e4a;-70;40
00:07:55.684; 349e4a;-71;40
00:07:55.896; 349e4a;-76;40
00:07:56.414; 349e4a;-68;40
00:07:57.349; 349e4a;-77;40
00:07:57.567; 349e4a;-74;40
00:07:57.911; a8390e;-70;40
00:07:58.911; a8390e;-74;40
00:07:59.072; a8390e;-69;40
00:07:59.355; a8390e;-72;40
00:08:00.382; a8390e;-71;40
00:08:00.727; a8390e;-72;40
00:08:01.146; a8390e;-82;40
00:08:02.567; a8390e;-76;40
00:08:02.602; a8390e;-75;40
00:08:03.822; a8390e;-73;40
00:08:03.851; a8390e;-71;40
00:08:04.028; a8390e;-69;40
00:08:04.039; a8390e;-70;40
00:08:04.722; a8390e;-71;40
00:08:04.856; a8390e;-77;40
00:08:04.903; a8390e;-71;40
00:08:05.533; a8390e;-73;40
00:08:05.684; a8390e;-70;40
00:08:05.848; a8390e;-72;40
00:08:06.335; a8390e;-72;40
00:08:06.621; a8390e;-71;40
00:08:06.634; a8390e;-71;40
00:08:06.781; a8390e;-72;40
00:08:06.943; a8390e;-70;40
00:08:06.954; a8390e;-68;40
00:08:07.622; a8390e;-70;40
00:08:07.832; a8390e;-71;40
00:08:08.294; a8390e;-70;40
00:08:08.320; a8390e;-69;40
00:08:08.332; a8390e;-70;40
00:08:08.870; 8e276b;-70;40
00:08:09.106; 8e276b;-69;40
00:08:09.118; 8e276b;-68;40
00:08:09.133; 8e276b;-70;40
00:08:09.146; 8e276b;-73;40
00:08:09.158; 8e276b;-74;40
00:08:09.181; 8e276b;-73;40
00:08:09.470; 8e276b;-77;40
00:08:09.494; 8e276b;-72;40
00:08:09.517; 8e276b;-72;40
00:08:10.338; 8e276b;-68;50
00:08:10.400; 8e276b;-77;50
00:08:11.240; 8e276b;-77;50
00:08:11.383; 8e276b;-68;50
00:08:11.412; 8e276b;-66;50
00:08:11.576; 8e276b;-71;50
00:08:11.600; 8e276b;-71;50
00:08:12.608; 8e276b;-70;50
00:08:12.646; 8e276b;-73;50
00:08:13.122; 8e276b;-74;50
00:08:13.149; 8e276b;-73;50
00:08:13.476; 8e276b;-73;50
00:08:13.495; 8e276b;-76;50
00:08:16.115; 8e276b;-70;50
00:08:16.140; 8e276b;-73;50
00:08:18.401; 8e276b;-72;50
00:08:18.441; 8e276b;-73;50
00:08:18.784; 8e276b;-64;50
00:08:19.143; 827b65;-73;50
00:08:19.328; 827b65;-77;50
00:08:19.935; 827b65;-71;50
00:08:19.950; 827b65;-70;50
00:08:20.123; 827b65;-72;50
00:08:20.217; 827b65;-76;50
00:08:21.567; 827b65;-72;50
00:08:22.235; 827b65;-75;50
00:08:22.344; 827b65;-72;50
00:08:22.387; 827b65;-71;50
00:08:23.059; 827b65;-75;50
00:08:23.353; 827b65;-74;50
00:08:23.482; 827b65;-72;50
00:08:23.600; 827b65;-69;50
00:08:25.885; 827b65;-70;50
00:08:26.895; 827b65;-74;50
00:08:27.075; 827b65;-72;50
00:08:27.096; 827b65;-73;50
00:08:27.689; 540ff0;-72;50
00:08:27.725; 540ff0;-72;50
00:08:27.739; 540ff0;-69;50
00:08:27.948; 827b65;-74;50
00:08:28.155; 827b65;-70;50
00:08:28.931; 827b65;-63;50
00:08:28.951; 827b65;-69;50
00:08:29.004; 827b65;-70;50
00:08:29.595; 827b65;-68;50
00:08:29.720; 540ff0;-79;50
00:08:31.114; 349e4a;-70;50
00:08:31.352; 349e4a;-71;50
00:08:31.811; 349e4a;-74;50
00:08:32.248; 349e4a;-73;50
00:08:32.929; 349e4a;-77;50
00:08:34.515; 349e4a;-66;50
00:08:35.420; 349e4a;-69;50
00:08:35.430; 349e4a;-66;50
00:08:35.779; 349e4a;-70;50
00:08:36.477; 349e4a;-70;50
00:08:37.510; 349e4a;-77;50
00:08:37.544; 349e4a;-71;50
00:08:37.883; 349e4a;-68;50
00:08:38.255; 349e4a;-71;50
00:08:38.328; 349e4a;-74;50
00:08:38.682; 349e4a;-67;50
00:08:38.861; 349e4a;-66;50
00:08:39.138; 349e4a;-78;50
00:08:39.931; 349e4a;-77;50
00:08:40.117; 349e4a;-75;50
00:08:40.689; a8390e;-73;50
00:08:41.680; a8390e;-71;50
00:08:42.317; a8390e;-70;50
00:08:42.331; a8390e;-72;50
00:08:42.471; a8390e;-74;50
00:08:43.025; a8390e;-69;50
00:08:43.207; a8390e;-69;50
00:08:43.728; a8390e;-76;50
00:08:44.091; a8390e;-77;50
00:08:44.272; a8390e;-68;50
00:08:44.508; a8390e;-71;50
00:08:44.529; a8390e;-71;50
00:08:44.736; a8390e;-70;50
00:08:45.409; a8390e;-75;50
00:08:45.992; a8390e;-74;50
00:08:46.191; a8390e;-76;50
00:08:46.646; a8390e;-66;50
00:08:46.659; a8390e;-64;50
00:08:46.832; a8390e;-67;50
00:08:47.683; a8390e;-69;50
00:08:47.709; a8390e;-69;50
00:08:48.840; a8390e;-75;50
00:08:49.085; a8390e;-70;50
00:08:49.363; a8390e;-71;50
00:08:49.496; a8390e;-79;50
00:08:49.556; a8390e;-70;50
00:08:49.578; a8390e;-71;50
00:08:49.597; a8390e;-70;50
00:08:49.801; a8390e;-71;50
00:08:49.814; a8390e;-71;50
00:08:50.372; a8390e;-72;50
00:08:50.413; a8390e;-72;50
00:08:50.562; a8390e;-71;50
00:08:50.582; a8390e;-72;50
00:08:51.000; d8b240;-78;50
00:08:51.038; d8b240;-75;50
00:08:51.938; 8e276b;-75;50
00:08:51.954; 8e276b;-75;50
00:08:52.001; 8e276b;-74;50
00:08:53.810; 8e276b;-71;50
00:08:53.957; d8b240;-74;50
00:08:54.229; 8e276b;-70;50
00:08:56.865; 8e276b;-70;50
00:08:57.710; 8e276b;-77;50
00:08:57.720; 8e276b;-79;50
00:08:58.115; 8e276b;-76;50
00:08:58.895; 8e276b;-74;50
00:08:58.916; 8e276b;-70;50
00:08:59.093; 8e276b;-73;50
00:08:59.106; 8e276b;-74;50
00:08:59.118; 8e276b;-74;50
00:08:59.755; 8e276b;-72;50
00:08:59.936; 8e276b;-69;50
00:09:00.188; 8e276b;-71;50
00:09:00.839; 8e276b;-73;50
00:09:01.974; 827b65;-73;50
00:09:03.217; 827b65;-78;50
00:09:04.482; 827b65;-74;50
00:09:05.585; 827b65;-73;50
00:09:06.346; 827b65;-77;50
00:09:07.836; 827b65;-75;50
00:09:08.122; 827b65;-70;50
00:09:08.669; 827b65;-74;50
00:09:08.701; 827b65;-76;50
00:09:09.597; 827b65;-77;50
00:09:11.570; 827b65;-76;50
00:09:11.828; 827b65;-76;50
00:09:13.246; 349e4a;-78;50
00:09:13.945; 349e4a;-73;50
00:09:14.880; 349e4a;-76;50
00:09:16.731; 349e4a;-76;50
00:09:19.161; 349e4a;-80;50
00:09:19.833; 349e4a;-72;50
00:09:20.229; 349e4a;-75;50
00:09:21.023; 349e4a;-75;50
00:09:21.716; 349e4a;-74;50
00:09:25.463; a8390e;-72;50
00:09:25.478; a8390e;-73;50
00:09:26.991; a8390e;-69;50
00:09:27.002; a8390e;-75;50
00:09:27.377; a8390e;-75;50
00:09:30.278; a8390e;-75;50
00:09:33.135; a8390e;-79;50
00:09:35.537; 8e276b;-77;50
00:09:35.565; 8e276b;-75;50
00:09:35.604; 8e276b;-80;50
00:09:36.561; 8e276b;-73;50
00:09:36.958; 8e276b;-74;50
00:09:37.972; 540ff0;-75;50
00:09:39.271; 8e276b;-75;50
00:09:41.894; 8e276b;-75;50
00:09:43.120; 8e276b;-75;50
00:09:44.922; 827b65;-77;50
00:09:45.573; 827b65;-77;60
00:09:45.761; 827b65;-74;60
00:09:46.603; 827b65;-76;60
00:09:48.448; 827b65;-69;60
00:09:49.204; 827b65;-76;60
00:09:49.217; 827b65;-80;60
00:09:51.809; 827b65;-74;60
00:09:51.837; 827b65;-72;60
00:09:52.618; 827b65;-78;60
00:09:53.346; 827b65;-77;60
00:09:53.366; 827b65;-76;60
00:09:53.573; 827b65;-77;60
00:09:53.942; 827b65;-72;60
00:09:55.039; 349e4a;-79;60
00:09:57.824; 349e4a;-71;60
00:09:58.584; 349e4a;-78;60
00:10:00.327; 349e4a;-78;60
00:10:01.559; 349e4a;-73;60
00:10:01.569; 349e4a;-78;60
00:10:02.625; 349e4a;-79;60
00:10:03.789; 349e4a;-77;60
00:10:03.812; 349e4a;-74;60
00:10:04.054; 349e4a;-73;60
00:10:08.655; a8390e;-76;60
00:10:09.081; a8390e;-76;60
00:10:09.816; a8390e;-76;60
00:10:10.286; a8390e;-80;60
00:10:10.297; a8390e;-78;60
00:10:12.427; a8390e;-75;60
00:10:14.434; a8390e;-80;60
00:10:14.446; a8390e;-77;60
00:10:15.300; a8390e;-80;60
00:10:17.921; 8e276b;-72;60
00:10:17.976; 8e276b;-75;60
00:10:18.376; 8e276b;-76;60
00:10:23.296; 8e276b;-77;60
00:10:23.666; 8e276b;-74;60
00:10:25.512; 8e276b;-68;60
00:10:25.920; 39cf21;-78;60
00:10:25.955; 8e276b;-71;60
00:10:26.417; 8e276b;-74;60
00:10:27.683; 827b65;-76;60
00:10:27.696; 827b65;-90;60
00:10:33.197; 827b65;-79;60
00:10:33.440; 827b65;-74;60
00:10:33.767; da4ed9;-92;60
00:10:37.239; 827b65;-79;60
00:10:39.269; d8b240;-76;60
00:10:39.459; 349e4a;-78;60
00:10:41.504; 349e4a;-76;60
00:10:41.921; 349e4a;-75;60
00:10:43.175; 349e4a;-72;60
00:10:45.448; 349e4a;-79;60
00:10:45.621; 349e4a;-75;60
00:10:45.634; 349e4a;-76;60
00:10:46.790; 349e4a;-72;60
00:10:50.685; a8390e;-76;60
00:10:52.620; a8390e;-72;60
00:10:53.660; a8390e;-76;60
00:10:53.970; a8390e;-75;60
00:10:54.406; a8390e;-78;60
00:11:02.295; 39cf21;-75;60
00:11:02.304; 39cf21;-75;60
00:11:15.273; d8b240;-73;60
00:11:15.283; d8b240;-72;60
00:11:16.752; 827b65;-75;60
00:11:16.993; 827b65;-70;60
00:11:17.011; 827b65;-72;60
00:11:17.026; 827b65;-75;60
00:11:17.270; 827b65;-73;60
00:11:17.504; 827b65;-74;60
00:11:19.851; 827b65;-82;60
00:11:20.610; 349e4a;-84;60
00:11:21.622; 349e4a;-72;60
00:11:22.055; 349e4a;-75;60
00:11:22.069; 349e4a;-72;60
00:11:22.225; 349e4a;-75;60
00:11:24.484; 349e4a;-75;60
00:11:26.278; 540ff0;-75;60
00:11:28.059; 349e4a;-78;60
00:11:30.034; 349e4a;-76;60
00:11:30.853; a8390e;-74;60
00:11:30.887; a8390e;-78;60
00:11:31.870; a8390e;-76;60
00:11:31.894; a8390e;-76;60
00:11:32.832; a8390e;-77;60
00:11:33.685; a8390e;-77;60
00:11:33.934; a8390e;-75;60
00:11:34.126; a8390e;-75;60
00:11:34.190; a8390e;-74;60
00:11:35.166; a8390e;-77;60
00:11:35.295; 39cf21;-75;70
00:11:36.564; a8390e;-74;70
00:11:36.812; a8390e;-75;70
00:11:37.175; a8390e;-74;70
00:11:37.815; a8390e;-74;70
00:11:37.851; a8390e;-78;70
00:11:38.081; a8390e;-73;70
00:11:39.222; a8390e;-74;70
00:11:39.820; a8390e;-76;70
00:11:40.301; a8390e;-74;70
00:11:40.701; a8390e;-78;70
00:11:40.736; a8390e;-78;70
00:11:43.241; 8e276b;-77;70
00:11:43.585; 8e276b;-78;70
00:11:44.297; 8e276b;-72;70
00:11:45.584; 8e276b;-76;70
00:11:47.155; 8e276b;-77;70
00:11:47.169; 8e276b;-74;70
00:11:47.193; 8e276b;-78;70
00:11:49.323; d8b240;-76;70
00:11:50.751; 8e276b;-76;70
00:11:52.235; 827b65;-75;70
00:11:53.086; 827b65;-75;70
00:11:55.322; 827b65;-77;70
00:11:56.159; 827b65;-75;70
00:12:00.086; 827b65;-73;70
00:12:00.336; 827b65;-78;70
00:12:00.429; 827b65;-73;70
00:12:00.525; 827b65;-75;70
00:12:00.668; 827b65;-73;70
00:12:01.318; 827b65;-74;70
00:12:01.519; 827b65;-81;70
00:12:02.121; 827b65;-75;70
00:12:02.135; 827b65;-78;70
00:12:04.861; 349e4a;-74;70
00:12:05.110; 349e4a;-72;70
00:12:05.604; 349e4a;-74;70
00:12:05.836; 349e4a;-71;70
00:12:06.258; 349e4a;-75;70
00:12:08.695; 349e4a;-78;70
00:12:08.708; 349e4a;-74;70
00:12:09.717; 349e4a;-76;70
00:12:09.932; 349e4a;-75;70
00:12:11.658; 39cf21;-73;70
00:12:12.169; 39cf21;-76;70
00:12:14.496; a8390e;-78;70
00:12:15.670; a8390e;-82;70
00:12:20.186; a8390e;-75;70
00:12:21.607; a8390e;-72;70
00:12:23.408; d8b240;-75;70
00:12:23.435; d8b240;-77;70
00:12:23.490; a8390e;-75;70
00:12:29.754; 8e276b;-76;70
00:12:30.214; 8e276b;-70;70
00:12:47.436; 39cf21;-74;70
00:12:54.294; 349e4a;-74;70
00:12:54.557; 349e4a;-76;70
00:12:54.769; 349e4a;-76;70
00:12:54.781; 349e4a;-71;70
00:12:57.574; d8b240;-77;70
00:12:59.042; a8390e;-74;70
00:12:59.067; a8390e;-73;70
00:13:00.805; d8b240;-78;70
00:13:00.849; d8b240;-73;70
00:13:02.966; a8390e;-73;70
00:13:02.990; a8390e;-72;70
00:13:05.030; a8390e;-77;70
00:13:06.112; a8390e;-75;70
00:13:06.148; a8390e;-80;70
00:13:07.128; a8390e;-73;70
00:13:07.316; a8390e;-72;70
00:13:08.072; a8390e;-74;70
00:13:08.084; a8390e;-76;70
00:13:08.769; a8390e;-74;70
00:13:08.776; a8390e;-76;70
00:13:08.788; a8390e;-74;70
00:13:08.959; a8390e;-72;70
00:13:08.971; a8390e;-74;70
00:13:12.351; 8e276b;-72;70
00:13:13.858; 540ff0;-76;70
00:13:14.223; 540ff0;-75;70
00:13:19.557; 8e276b;-76;70
00:13:20.351; 39cf21;-76;70
00:13:20.370; 39cf21;-72;70
00:13:22.969; 827b65;-76;70
00:13:29.984; 827b65;-75;70
00:13:30.121; 827b65;-74;70
00:13:32.606; 3e6749;-93;70
00:13:33.771; d8b240;-77;70
00:13:34.271; 349e4a;-75;70
00:13:34.718; 349e4a;-76;70
00:13:35.128; 349e4a;-79;70
00:13:36.180; 349e4a;-78;70
00:13:36.808; 349e4a;-77;70
00:13:39.278; 349e4a;-77;80
00:13:41.068; 349e4a;-77;80
00:13:44.662; a8390e;-73;80
00:13:44.883; 540ff0;-77;80
00:13:46.807; a8390e;-78;80
00:13:46.891; 540ff0;-74;80
00:13:47.573; a8390e;-79;80
00:13:48.831; a8390e;-73;80
00:13:48.854; a8390e;-75;80
00:13:49.688; a8390e;-75;80
00:13:53.974; a8390e;-78;80
00:13:54.628; 8e276b;-76;80
00:13:55.172; 8e276b;-76;80
00:13:55.596; 8e276b;-74;80
00:13:56.398; 8e276b;-77;80
00:14:00.071; 39cf21;-74;80
00:14:01.359; 8e276b;-76;80
00:14:01.962; 8e276b;-79;80
00:14:02.334; 8e276b;-76;80
00:14:02.355; 8e276b;-73;80
00:14:02.368; 8e276b;-72;80
00:14:06.305; 827b65;-76;80
00:14:07.259; 827b65;-78;80
00:14:07.270; 827b65;-77;80
00:14:07.418; 827b65;-79;80
00:14:07.475; d8b240;-79;80
00:14:07.499; d8b240;-78;80
00:14:08.615; 827b65;-75;80
00:14:08.661; 827b65;-77;80
00:14:08.803; 827b65;-75;80
00:14:09.400; 827b65;-74;80
00:14:09.505; 827b65;-75;80
00:14:09.719; d8b240;-75;80
00:14:12.323; 827b65;-76;80
00:14:13.374; 827b65;-78;80
00:14:14.089; 827b65;-75;80
00:14:14.391; 827b65;-70;80
00:14:14.561; 827b65;-77;80
00:14:19.624; 349e4a;-74;80
00:14:19.812; 540ff0;-72;80
00:14:20.783; 349e4a;-73;80
00:14:20.962; 349e4a;-75;80
00:14:20.987; 349e4a;-77;80
00:14:30.371; a8390e;-77;80
00:14:31.232; a8390e;-75;80
00:14:31.819; a8390e;-76;80
00:14:32.676; a8390e;-76;80
00:14:33.321; a8390e;-74;80
00:14:37.579; a8390e;-81;80
00:14:44.954; 8e276b;-73;80
00:14:45.341; 8e276b;-79;80
00:14:57.253; 827b65;-80;80
00:15:03.355; 349e4a;-79;80
00:15:18.909; d8b240;-73;80
00:15:19.208; a8390e;-75;80
00:15:31.054; 8e276b;-76;80
00:15:38.498; 827b65;-78;80
00:15:41.896; 39cf21;-71;80
00:15:45.192; 39cf21;-77;80
00:15:55.859; d8b240;-77;80
00:15:58.769; d8b240;-75;80
